experiment_family,benchmark,variant,representation_group,build_status,run_status,source_bytes,source_loc,source_ops,source_ops_structural,source_func_defs,source_block_args,source_alloc_ops,source_reinterpret_cast_ops,source_subview_ops,source_extract_strided_metadata_ops,source_memref_load_ops,source_memref_store_ops,source_dmemref_load_ops,source_dmemref_store_ops,lowered_func_defs,lowered_ops,lowered_ops_structural,lowered_mlir_lines,llvm_ir_lines,llvm_call_count,compile_ms,result,expected_result,runtime_ns_per_iter,notes,source_helper_defs,bvar_refs,value_ssa_refs,opt_llvm_lines,opt_llvm_call_count,kernel,size,route,parse_time_ms,verification_time_ms,lowering_time_ms,compile_total_ms,runtime_median_ns_per_iter,runtime_iqr_ns_per_iter,benchmark_repetitions,checksum,checksum_status,compiler_flags,git_commit,date,machine_id,env_path,raw_timings_path
type_polymorphism,shared_polymorphic_identity_multitype,debruijn,scair_baseline,ok,ok,2619,38,27,29,1,7,0,0,0,0,0,0,0,0,7,17,25,33,44,0,689.66,29,29,1.54,de_bruijn baseline,0,20,0,55,0,type_polymorphism,benchmark=shared_polymorphic_identity_multitype;polymorphism=type_level,debruijn,NA,NA,NA,689.66,1.54,0.00,15,29,ok,-O2,b3d15950d589ba2f2f5ee880cf5f459595ebd061,2026-05-04T11:27:17Z,38b48a70ce5b4c89b517a30fac02bbc2,/home/dominic/dev/scair/experiments/type_polymorphism/out/env.json,/home/dominic/dev/scair/experiments/type_polymorphism/out/shared_polymorphic_identity_multitype_baseline_de_bruijn_output.timings.txt
type_polymorphism,shared_polymorphic_identity_multitype,value_dependent,value_dependent,ok,ok,2371,39,27,29,1,8,0,0,0,0,0,0,0,0,7,17,25,33,44,0,722.33,29,29,1.54,value-dependent polymorphism,0,0,6,55,0,type_polymorphism,benchmark=shared_polymorphic_identity_multitype;polymorphism=type_level,value_dependent,NA,NA,NA,722.33,1.54,0.00,15,29,ok,-O2,b3d15950d589ba2f2f5ee880cf5f459595ebd061,2026-05-04T11:27:17Z,38b48a70ce5b4c89b517a30fac02bbc2,/home/dominic/dev/scair/experiments/type_polymorphism/out/env.json,/home/dominic/dev/scair/experiments/type_polymorphism/out/shared_polymorphic_identity_multitype_value_dependent_output.timings.txt
type_polymorphism,shared_polymorphic_identity_multitype,mlir_baseline,mlir_baseline,ok,ok,1229,28,17,31,7,12,0,0,0,0,0,0,0,0,7,17,31,28,50,6,71.70,29,29,1.54,monomorphic MLIR baseline,6,0,0,55,0,type_polymorphism,benchmark=shared_polymorphic_identity_multitype;polymorphism=type_level,mlir_baseline,NA,NA,NA,71.70,1.54,0.01,15,29,ok,-O2,b3d15950d589ba2f2f5ee880cf5f459595ebd061,2026-05-04T11:27:17Z,38b48a70ce5b4c89b517a30fac02bbc2,/home/dominic/dev/scair/experiments/type_polymorphism/out/env.json,/home/dominic/dev/scair/experiments/type_polymorphism/out/shared_polymorphic_identity_multitype_mlir_baseline_output.timings.txt
type_polymorphism,shared_polymorphic_kernel_bank_multitype,debruijn,scair_baseline,ok,ok,27141,339,278,280,1,22,0,0,0,0,0,0,0,0,49,274,324,374,427,0,1144.71,3090,3090,7.78,de_bruijn baseline,0,314,0,469,0,type_polymorphism,benchmark=shared_polymorphic_kernel_bank_multitype;polymorphism=type_level,debruijn,NA,NA,NA,1144.71,7.78,0.06,15,3090,ok,-O2,b3d15950d589ba2f2f5ee880cf5f459595ebd061,2026-05-04T11:27:17Z,38b48a70ce5b4c89b517a30fac02bbc2,/home/dominic/dev/scair/experiments/type_polymorphism/out/env.json,/home/dominic/dev/scair/experiments/type_polymorphism/out/shared_polymorphic_kernel_bank_multitype_baseline_de_bruijn_output.timings.txt
type_polymorphism,shared_polymorphic_kernel_bank_multitype,value_dependent,value_dependent,ok,ok,24015,355,278,280,1,38,0,0,0,0,0,0,0,0,49,274,324,374,427,0,1122.81,3090,3090,7.78,value-dependent polymorphism,0,0,186,469,0,type_polymorphism,benchmark=shared_polymorphic_kernel_bank_multitype;polymorphism=type_level,value_dependent,NA,NA,NA,1122.81,7.78,0.08,15,3090,ok,-O2,b3d15950d589ba2f2f5ee880cf5f459595ebd061,2026-05-04T11:27:17Z,38b48a70ce5b4c89b517a30fac02bbc2,/home/dominic/dev/scair/experiments/type_polymorphism/out/env.json,/home/dominic/dev/scair/experiments/type_polymorphism/out/shared_polymorphic_kernel_bank_multitype_value_dependent_output.timings.txt
type_polymorphism,shared_polymorphic_kernel_bank_multitype,mlir_baseline,mlir_baseline,ok,ok,14002,427,274,324,49,54,0,0,0,0,0,0,0,0,49,274,324,427,427,48,102.44,3090,3090,7.72,monomorphic MLIR baseline,48,0,0,473,0,type_polymorphism,benchmark=shared_polymorphic_kernel_bank_multitype;polymorphism=type_level,mlir_baseline,NA,NA,NA,102.44,7.72,0.07,15,3090,ok,-O2,b3d15950d589ba2f2f5ee880cf5f459595ebd061,2026-05-04T11:27:17Z,38b48a70ce5b4c89b517a30fac02bbc2,/home/dominic/dev/scair/experiments/type_polymorphism/out/env.json,/home/dominic/dev/scair/experiments/type_polymorphism/out/shared_polymorphic_kernel_bank_multitype_mlir_baseline_output.timings.txt
semi_affine_indexing_benchmark,semi_affine_fill_and_sum,mlir_baseline,mlir_baseline,ok,ok,1175,37,11,21,1,10,0,1,0,0,0,1,0,0,2,70,89,105,116,1,33.18,262144.0,262144.0,133431.79,semi-affine layout benchmark,0,0,0,NA,NA,semi_affine,m=256;n=1024;layout=semi_affine,mlir_baseline,NA,NA,NA,33.18,133431.79,779.13,15,262144.0,ok,-O2,b3d15950d589ba2f2f5ee880cf5f459595ebd061,2026-05-04T11:28:57Z,38b48a70ce5b4c89b517a30fac02bbc2,/home/dominic/dev/scair/experiments/semi_affine_indexing_benchmark/out/env.json,/home/dominic/dev/scair/experiments/semi_affine_indexing_benchmark/out/semi_affine_mlir_baseline_output.timings.txt
semi_affine_indexing_benchmark,semi_affine_fill_and_sum,scair_baseline,scair_baseline,ok,ok,1865,38,13,21,1,10,0,1,0,0,1,2,0,0,1,64,66,80,93,0,708.44,262144.0,262144.0,132844.48,semi-affine layout benchmark,0,0,0,NA,NA,semi_affine,m=256;n=1024;layout=semi_affine,scair_baseline,NA,NA,NA,708.44,132844.48,322.38,15,262144.0,ok,-O2,b3d15950d589ba2f2f5ee880cf5f459595ebd061,2026-05-04T11:28:57Z,38b48a70ce5b4c89b517a30fac02bbc2,/home/dominic/dev/scair/experiments/semi_affine_indexing_benchmark/out/env.json,/home/dominic/dev/scair/experiments/semi_affine_indexing_benchmark/out/semi_affine_baseline_kernel_only_scair_output.timings.txt
semi_affine_indexing_benchmark,semi_affine_fill_and_sum,value_dependent,value_dependent,ok,ok,1708,34,10,20,1,10,0,0,0,0,0,0,1,2,1,43,45,59,76,0,737.57,262144.0,262144.0,132963.91,semi-affine layout benchmark,0,0,0,NA,NA,semi_affine,m=256;n=1024;layout=semi_affine,value_dependent,NA,NA,NA,737.57,132963.91,347.37,15,262144.0,ok,-O2,b3d15950d589ba2f2f5ee880cf5f459595ebd061,2026-05-04T11:28:57Z,38b48a70ce5b4c89b517a30fac02bbc2,/home/dominic/dev/scair/experiments/semi_affine_indexing_benchmark/out/env.json,/home/dominic/dev/scair/experiments/semi_affine_indexing_benchmark/out/semi_affine_value_dependent_scair_output.timings.txt
strided_matmul_benchmark,matmul_strided,mlir_baseline,mlir_baseline,ok,ok,1566,50,10,18,1,16,0,3,0,0,2,1,0,0,2,104,119,132,138,1,75.48,128.0,128.0,602313.10,upstream MLIR dynamic baseline with memref.reinterpret_cast; timed region includes output reset plus kernel execution,0,0,0,NA,NA,gemm,n=128;m=128;k=128,mlir_baseline,NA,8.99,8.89,17.9,602313.10,2910.62,15,128.0,ok,-O2,b3d15950d589ba2f2f5ee880cf5f459595ebd061,2026-05-04T11:29:50Z,38b48a70ce5b4c89b517a30fac02bbc2,/home/dominic/dev/scair/experiments/strided_matmul_benchmark/out/env.json,/home/dominic/dev/scair/experiments/strided_matmul_benchmark/out/matmul_mlir_baseline_128_128_128_output.timings.txt
strided_matmul_benchmark,matmul_strided,scair_baseline,scair_baseline,ok,ok,2229,48,12,17,1,16,0,3,0,0,2,1,0,0,1,80,82,93,103,0,751.83,128.0,128.0,605208.07,ScaIR dynamic baseline lowered through lower-dynamic-memref-to-llvm-baseline; timed region includes output reset plus kernel execution,0,0,0,NA,NA,gemm,n=128;m=128;k=128,scair_baseline,NA,534.27,683.94,1218.24,605208.07,3325.10,15,128.0,ok,-O2,b3d15950d589ba2f2f5ee880cf5f459595ebd061,2026-05-04T11:29:50Z,38b48a70ce5b4c89b517a30fac02bbc2,/home/dominic/dev/scair/experiments/strided_matmul_benchmark/out/env.json,/home/dominic/dev/scair/experiments/strided_matmul_benchmark/out/matmul_scair_baseline_128_128_128_output.timings.txt
strided_matmul_benchmark,matmul_strided,scair_dmemref,value_dependent,ok,ok,2384,51,14,22,1,16,0,3,0,0,0,0,2,1,1,43,45,56,70,0,779.96,128.0,128.0,605897.75,ScaIR dependent d_memref route with refined reinterpret-cast views; timed region includes output reset plus kernel execution,0,0,0,NA,NA,gemm,n=128;m=128;k=128,scair_dmemref,NA,534.95,691.83,1226.8,605897.75,1238.41,15,128.0,ok,-O2,b3d15950d589ba2f2f5ee880cf5f459595ebd061,2026-05-04T11:29:50Z,38b48a70ce5b4c89b517a30fac02bbc2,/home/dominic/dev/scair/experiments/strided_matmul_benchmark/out/env.json,/home/dominic/dev/scair/experiments/strided_matmul_benchmark/out/matmul_scair_dmemref_128_128_128_output.timings.txt
strided_matmul_benchmark,matmul_strided,mlir_baseline,mlir_baseline,ok,ok,1566,50,10,18,1,16,0,3,0,0,2,1,0,0,2,104,119,132,138,1,75.48,256.0,256.0,5288918.93,upstream MLIR dynamic baseline with memref.reinterpret_cast; timed region includes output reset plus kernel execution,0,0,0,NA,NA,gemm,n=256;m=256;k=256,mlir_baseline,NA,8.99,8.89,17.9,5288918.93,128520.92,15,256.0,ok,-O2,b3d15950d589ba2f2f5ee880cf5f459595ebd061,2026-05-04T11:29:50Z,38b48a70ce5b4c89b517a30fac02bbc2,/home/dominic/dev/scair/experiments/strided_matmul_benchmark/out/env.json,/home/dominic/dev/scair/experiments/strided_matmul_benchmark/out/matmul_mlir_baseline_256_256_256_output.timings.txt
strided_matmul_benchmark,matmul_strided,scair_baseline,scair_baseline,ok,ok,2229,48,12,17,1,16,0,3,0,0,2,1,0,0,1,80,82,93,103,0,751.83,256.0,256.0,5521691.80,ScaIR dynamic baseline lowered through lower-dynamic-memref-to-llvm-baseline; timed region includes output reset plus kernel execution,0,0,0,NA,NA,gemm,n=256;m=256;k=256,scair_baseline,NA,534.27,683.94,1218.24,5521691.80,41015.77,15,256.0,ok,-O2,b3d15950d589ba2f2f5ee880cf5f459595ebd061,2026-05-04T11:29:50Z,38b48a70ce5b4c89b517a30fac02bbc2,/home/dominic/dev/scair/experiments/strided_matmul_benchmark/out/env.json,/home/dominic/dev/scair/experiments/strided_matmul_benchmark/out/matmul_scair_baseline_256_256_256_output.timings.txt
strided_matmul_benchmark,matmul_strided,scair_dmemref,value_dependent,ok,ok,2384,51,14,22,1,16,0,3,0,0,0,0,2,1,1,43,45,56,70,0,779.96,256.0,256.0,5459701.49,ScaIR dependent d_memref route with refined reinterpret-cast views; timed region includes output reset plus kernel execution,0,0,0,NA,NA,gemm,n=256;m=256;k=256,scair_dmemref,NA,534.95,691.83,1226.8,5459701.49,99458.83,15,256.0,ok,-O2,b3d15950d589ba2f2f5ee880cf5f459595ebd061,2026-05-04T11:29:50Z,38b48a70ce5b4c89b517a30fac02bbc2,/home/dominic/dev/scair/experiments/strided_matmul_benchmark/out/env.json,/home/dominic/dev/scair/experiments/strided_matmul_benchmark/out/matmul_scair_dmemref_256_256_256_output.timings.txt
strided_matmul_benchmark,matmul_strided,mlir_baseline,mlir_baseline,ok,ok,1566,50,10,18,1,16,0,3,0,0,2,1,0,0,2,104,119,132,138,1,75.48,512.0,512.0,52038960.76,upstream MLIR dynamic baseline with memref.reinterpret_cast; timed region includes output reset plus kernel execution,0,0,0,NA,NA,gemm,n=512;m=512;k=512,mlir_baseline,NA,8.99,8.89,17.9,52038960.76,904975.83,15,512.0,ok,-O2,b3d15950d589ba2f2f5ee880cf5f459595ebd061,2026-05-04T11:29:50Z,38b48a70ce5b4c89b517a30fac02bbc2,/home/dominic/dev/scair/experiments/strided_matmul_benchmark/out/env.json,/home/dominic/dev/scair/experiments/strided_matmul_benchmark/out/matmul_mlir_baseline_512_512_512_output.timings.txt
strided_matmul_benchmark,matmul_strided,scair_baseline,scair_baseline,ok,ok,2229,48,12,17,1,16,0,3,0,0,2,1,0,0,1,80,82,93,103,0,751.83,512.0,512.0,52783666.77,ScaIR dynamic baseline lowered through lower-dynamic-memref-to-llvm-baseline; timed region includes output reset plus kernel execution,0,0,0,NA,NA,gemm,n=512;m=512;k=512,scair_baseline,NA,534.27,683.94,1218.24,52783666.77,1168912.62,15,512.0,ok,-O2,b3d15950d589ba2f2f5ee880cf5f459595ebd061,2026-05-04T11:29:50Z,38b48a70ce5b4c89b517a30fac02bbc2,/home/dominic/dev/scair/experiments/strided_matmul_benchmark/out/env.json,/home/dominic/dev/scair/experiments/strided_matmul_benchmark/out/matmul_scair_baseline_512_512_512_output.timings.txt
strided_matmul_benchmark,matmul_strided,scair_dmemref,value_dependent,ok,ok,2384,51,14,22,1,16,0,3,0,0,0,0,2,1,1,43,45,56,70,0,779.96,512.0,512.0,53795376.59,ScaIR dependent d_memref route with refined reinterpret-cast views; timed region includes output reset plus kernel execution,0,0,0,NA,NA,gemm,n=512;m=512;k=512,scair_dmemref,NA,534.95,691.83,1226.8,53795376.59,327991.75,15,512.0,ok,-O2,b3d15950d589ba2f2f5ee880cf5f459595ebd061,2026-05-04T11:29:50Z,38b48a70ce5b4c89b517a30fac02bbc2,/home/dominic/dev/scair/experiments/strided_matmul_benchmark/out/env.json,/home/dominic/dev/scair/experiments/strided_matmul_benchmark/out/matmul_scair_dmemref_512_512_512_output.timings.txt
convolution_benchmark,conv2d_kernel,mlir_baseline,mlir_baseline,ok,ok,2508,62,20,34,1,22,0,3,0,0,2,1,0,0,2,161,188,213,240,1,115.92,388800.0,388800.0,395944.64,upstream MLIR fixed lowering pipeline; timed region includes output reset plus kernel execution; host-side checksum excluded;driver_iterations=50,0,0,0,NA,NA,conv2d,n=1;cin=3;h=32;w=32;cout=16;kh=3;kw=3;layout=NCHW/OIHW,mlir_baseline,NA,10.73,11.76,22.52,395944.64,27091.68,15,388800.0,ok,-O2/-O3,b3d15950d589ba2f2f5ee880cf5f459595ebd061,2026-05-04T11:44:02Z,38b48a70ce5b4c89b517a30fac02bbc2,/home/dominic/dev/scair/experiments/convolution_benchmark/out/env.json,/home/dominic/dev/scair/experiments/convolution_benchmark/out/conv2d_mlir_baseline_1_3_32_32_16_3_3_output.timings.txt
convolution_benchmark,conv2d_kernel,scair_baseline,scair_baseline,ok,ok,3873,68,21,34,1,22,0,3,0,0,2,1,0,0,1,151,153,176,199,0,1039.34,388800.0,388800.0,255178.32,ScaIR dynamic baseline kernel route; timed region includes output reset plus kernel execution; host-side checksum excluded;driver_iterations=50,0,0,0,NA,NA,conv2d,n=1;cin=3;h=32;w=32;cout=16;kh=3;kw=3;layout=NCHW/OIHW,scair_baseline,NA,622.39,834.16,1456.57,255178.32,5915.60,15,388800.0,ok,-O2/-O3,b3d15950d589ba2f2f5ee880cf5f459595ebd061,2026-05-04T11:44:02Z,38b48a70ce5b4c89b517a30fac02bbc2,/home/dominic/dev/scair/experiments/convolution_benchmark/out/env.json,/home/dominic/dev/scair/experiments/convolution_benchmark/out/conv2d_baseline_kernel_only_scair_1_3_32_32_16_3_3_output.timings.txt
convolution_benchmark,conv2d_kernel,value_dependent,value_dependent,ok,ok,4421,80,29,43,1,22,0,3,0,0,0,0,2,1,1,74,76,99,133,0,983.81,388800.0,388800.0,258313.80,ScaIR value-dependent executable; timed region includes output reset plus kernel execution; host-side checksum excluded;driver_iterations=50,0,0,0,NA,NA,conv2d,n=1;cin=3;h=32;w=32;cout=16;kh=3;kw=3;layout=NCHW/OIHW,value_dependent,NA,622.06,857.13,1479.22,258313.80,2435.18,15,388800.0,ok,-O2/-O3,b3d15950d589ba2f2f5ee880cf5f459595ebd061,2026-05-04T11:44:02Z,38b48a70ce5b4c89b517a30fac02bbc2,/home/dominic/dev/scair/experiments/convolution_benchmark/out/env.json,/home/dominic/dev/scair/experiments/convolution_benchmark/out/conv2d_value_dependent_scair_1_3_32_32_16_3_3_output.timings.txt
convolution_benchmark,conv2d_kernel,mlir_baseline,mlir_baseline,ok,ok,2508,62,20,34,1,22,0,3,0,0,2,1,0,0,2,161,188,213,240,1,115.92,17713152.0,17713152.0,10563921.10,upstream MLIR fixed lowering pipeline; timed region includes output reset plus kernel execution; host-side checksum excluded;driver_iterations=50,0,0,0,NA,NA,conv2d,n=1;cin=16;h=64;w=64;cout=32;kh=3;kw=3;layout=NCHW/OIHW,mlir_baseline,NA,10.73,11.76,22.52,10563921.10,86981.22,15,17713152.0,ok,-O2/-O3,b3d15950d589ba2f2f5ee880cf5f459595ebd061,2026-05-04T11:44:02Z,38b48a70ce5b4c89b517a30fac02bbc2,/home/dominic/dev/scair/experiments/convolution_benchmark/out/env.json,/home/dominic/dev/scair/experiments/convolution_benchmark/out/conv2d_mlir_baseline_1_16_64_64_32_3_3_output.timings.txt
convolution_benchmark,conv2d_kernel,scair_baseline,scair_baseline,ok,ok,3873,68,21,34,1,22,0,3,0,0,2,1,0,0,1,151,153,176,199,0,1039.34,17713152.0,17713152.0,10345633.24,ScaIR dynamic baseline kernel route; timed region includes output reset plus kernel execution; host-side checksum excluded;driver_iterations=50,0,0,0,NA,NA,conv2d,n=1;cin=16;h=64;w=64;cout=32;kh=3;kw=3;layout=NCHW/OIHW,scair_baseline,NA,622.39,834.16,1456.57,10345633.24,124601.38,15,17713152.0,ok,-O2/-O3,b3d15950d589ba2f2f5ee880cf5f459595ebd061,2026-05-04T11:44:02Z,38b48a70ce5b4c89b517a30fac02bbc2,/home/dominic/dev/scair/experiments/convolution_benchmark/out/env.json,/home/dominic/dev/scair/experiments/convolution_benchmark/out/conv2d_baseline_kernel_only_scair_1_16_64_64_32_3_3_output.timings.txt
convolution_benchmark,conv2d_kernel,value_dependent,value_dependent,ok,ok,4421,80,29,43,1,22,0,3,0,0,0,0,2,1,1,74,76,99,133,0,983.81,17713152.0,17713152.0,10322449.10,ScaIR value-dependent executable; timed region includes output reset plus kernel execution; host-side checksum excluded;driver_iterations=50,0,0,0,NA,NA,conv2d,n=1;cin=16;h=64;w=64;cout=32;kh=3;kw=3;layout=NCHW/OIHW,value_dependent,NA,622.06,857.13,1479.22,10322449.10,95672.56,15,17713152.0,ok,-O2/-O3,b3d15950d589ba2f2f5ee880cf5f459595ebd061,2026-05-04T11:44:02Z,38b48a70ce5b4c89b517a30fac02bbc2,/home/dominic/dev/scair/experiments/convolution_benchmark/out/env.json,/home/dominic/dev/scair/experiments/convolution_benchmark/out/conv2d_value_dependent_scair_1_16_64_64_32_3_3_output.timings.txt
convolution_benchmark,conv2d_kernel,mlir_baseline,mlir_baseline,ok,ok,2508,62,20,34,1,22,0,3,0,0,2,1,0,0,2,161,188,213,240,1,115.92,1816805376.0,1816805376.0,942584334.00,upstream MLIR fixed lowering pipeline; timed region includes output reset plus kernel execution; host-side checksum excluded;driver_iterations=1,0,0,0,NA,NA,conv2d,n=1;cin=64;h=224;w=224;cout=64;kh=3;kw=3;layout=NCHW/OIHW,mlir_baseline,NA,10.73,11.76,22.52,942584334.00,17368173.00,15,1816805376.0,ok,-O2/-O3,b3d15950d589ba2f2f5ee880cf5f459595ebd061,2026-05-04T11:44:02Z,38b48a70ce5b4c89b517a30fac02bbc2,/home/dominic/dev/scair/experiments/convolution_benchmark/out/env.json,/home/dominic/dev/scair/experiments/convolution_benchmark/out/conv2d_mlir_baseline_1_64_224_224_64_3_3_output.timings.txt
convolution_benchmark,conv2d_kernel,scair_baseline,scair_baseline,ok,ok,3873,68,21,34,1,22,0,3,0,0,2,1,0,0,1,151,153,176,199,0,1039.34,1816805376.0,1816805376.0,986056449.00,ScaIR dynamic baseline kernel route; timed region includes output reset plus kernel execution; host-side checksum excluded;driver_iterations=1,0,0,0,NA,NA,conv2d,n=1;cin=64;h=224;w=224;cout=64;kh=3;kw=3;layout=NCHW/OIHW,scair_baseline,NA,622.39,834.16,1456.57,986056449.00,24012722.00,15,1816805376.0,ok,-O2/-O3,b3d15950d589ba2f2f5ee880cf5f459595ebd061,2026-05-04T11:44:02Z,38b48a70ce5b4c89b517a30fac02bbc2,/home/dominic/dev/scair/experiments/convolution_benchmark/out/env.json,/home/dominic/dev/scair/experiments/convolution_benchmark/out/conv2d_baseline_kernel_only_scair_1_64_224_224_64_3_3_output.timings.txt
convolution_benchmark,conv2d_kernel,value_dependent,value_dependent,ok,ok,4421,80,29,43,1,22,0,3,0,0,0,0,2,1,1,74,76,99,133,0,983.81,1816805376.0,1816805376.0,952040405.00,ScaIR value-dependent executable; timed region includes output reset plus kernel execution; host-side checksum excluded;driver_iterations=1,0,0,0,NA,NA,conv2d,n=1;cin=64;h=224;w=224;cout=64;kh=3;kw=3;layout=NCHW/OIHW,value_dependent,NA,622.06,857.13,1479.22,952040405.00,14501885.00,15,1816805376.0,ok,-O2/-O3,b3d15950d589ba2f2f5ee880cf5f459595ebd061,2026-05-04T11:44:02Z,38b48a70ce5b4c89b517a30fac02bbc2,/home/dominic/dev/scair/experiments/convolution_benchmark/out/env.json,/home/dominic/dev/scair/experiments/convolution_benchmark/out/conv2d_value_dependent_scair_1_64_224_224_64_3_3_output.timings.txt
attention_mha_benchmark,attention_mha,mlir_baseline,mlir_baseline,ok,ok,5959,148,45,87,3,35,0,7,0,0,8,5,0,0,4,452,545,630,738,12,151.27,58253.5117,58253.5117,9616581.63,claim_scope=upstream_mlir_baseline;affine_cleanup_present=yes;factorized_tile_count=0;tail_free_factorized=no,2,0,0,NA,NA,attention_mha,batch=1;seq=128;heads=12;head_dim=64,mlir_baseline,NA,NA,NA,151.27,9616581.63,64802.45,15,58253.5117,ok,-O2,b3d15950d589ba2f2f5ee880cf5f459595ebd061,2026-05-04T11:47:55Z,38b48a70ce5b4c89b517a30fac02bbc2,/home/dominic/dev/scair/experiments/attention_mha_benchmark/out/env.json,/home/dominic/dev/scair/experiments/attention_mha_benchmark/out/mlir_baseline.output.timings.txt
attention_mha_benchmark,attention_mha,scair_baseline,scair_baseline,ok,ok,8913,132,44,66,3,33,0,7,0,0,8,5,0,0,3,355,419,476,534,3,1834.31,58253.5117,58253.5117,9793206.65,claim_scope=scair_dynamic_memref_baseline;affine_cleanup_present=no;factorized_tile_count=0;tail_free_factorized=no,2,0,0,NA,NA,attention_mha,batch=1;seq=128;heads=12;head_dim=64,scair_baseline,NA,NA,NA,1834.31,9793206.65,173229.77,15,58253.5117,ok,-O2,b3d15950d589ba2f2f5ee880cf5f459595ebd061,2026-05-04T11:47:55Z,38b48a70ce5b4c89b517a30fac02bbc2,/home/dominic/dev/scair/experiments/attention_mha_benchmark/out/env.json,/home/dominic/dev/scair/experiments/attention_mha_benchmark/out/scair_baseline.output.timings.txt
attention_mha_benchmark,attention_mha,value_dependent,value_dependent,ok,ok,9613,154,49,87,3,33,0,7,0,0,0,0,8,5,3,148,212,269,355,3,1793.90,58253.5117,58253.5117,9727580.92,claim_scope=dependent_natmul_provenance;affine_cleanup_present=no;factorized_tile_count=2;tail_free_factorized=yes,2,0,0,NA,NA,attention_mha,batch=1;seq=128;heads=12;head_dim=64,value_dependent,NA,NA,NA,1793.90,9727580.92,166073.38,15,58253.5117,ok,-O2,b3d15950d589ba2f2f5ee880cf5f459595ebd061,2026-05-04T11:47:55Z,38b48a70ce5b4c89b517a30fac02bbc2,/home/dominic/dev/scair/experiments/attention_mha_benchmark/out/env.json,/home/dominic/dev/scair/experiments/attention_mha_benchmark/out/value_dependent.output.timings.txt
matmul_tiling_benchmark,matmul_tiling,mlir_baseline,mlir_baseline,ok,ok,1468,47,13,21,1,11,0,3,0,0,2,1,0,0,2,117,138,157,178,3,108.54,147453.344,147453.344,327127.33,benchmark_class=structural_codegen_supporting_runtime;profile=cache_sweep;cache_sweep=yes;tile_policy=explicit_sweep;tile_size=8;mlir_tile_args=--affine-loop-tile=tile-size=8;mlir_tile_scope=upstream_affine_legal_bands;factorization=K0*K1;claim_scope=baseline_has_index_product_bound_but_no_dependent_natmul_provenance;timed_region=output_reset+kernel;tail_handling_present=yes;factorized_tile_count=0;tail_free_factorized=no,0,0,0,NA,NA,matmul_tiling,m=8;n=8;k0=4096;k1=3;k=12288;tile_size=8,mlir_baseline,NA,NA,NA,108.54,327127.33,6696.81,15,147453.344,ok,-O2,b3d15950d589ba2f2f5ee880cf5f459595ebd061,2026-05-04T11:49:45Z,38b48a70ce5b4c89b517a30fac02bbc2,/home/dominic/dev/scair/experiments/matmul_tiling_benchmark/out/env.json,/home/dominic/dev/scair/experiments/matmul_tiling_benchmark/out/8_8_4096_3_tile8_mlir_baseline.output.timings.txt
matmul_tiling_benchmark,matmul_tiling,mlir_baseline,mlir_baseline,ok,ok,1468,47,13,21,1,11,0,3,0,0,2,1,0,0,2,117,138,157,178,3,127.49,147453.344,147453.344,341827.28,benchmark_class=structural_codegen_supporting_runtime;profile=cache_sweep;cache_sweep=yes;tile_policy=explicit_sweep;tile_size=16;mlir_tile_args=--affine-loop-tile=tile-size=16;mlir_tile_scope=upstream_affine_legal_bands;factorization=K0*K1;claim_scope=baseline_has_index_product_bound_but_no_dependent_natmul_provenance;timed_region=output_reset+kernel;tail_handling_present=yes;factorized_tile_count=0;tail_free_factorized=no,0,0,0,NA,NA,matmul_tiling,m=8;n=8;k0=4096;k1=3;k=12288;tile_size=16,mlir_baseline,NA,NA,NA,127.49,341827.28,23770.03,15,147453.344,ok,-O2,b3d15950d589ba2f2f5ee880cf5f459595ebd061,2026-05-04T11:49:45Z,38b48a70ce5b4c89b517a30fac02bbc2,/home/dominic/dev/scair/experiments/matmul_tiling_benchmark/out/env.json,/home/dominic/dev/scair/experiments/matmul_tiling_benchmark/out/8_8_4096_3_tile16_mlir_baseline.output.timings.txt
matmul_tiling_benchmark,matmul_tiling,mlir_baseline,mlir_baseline,ok,ok,1468,47,13,21,1,11,0,3,0,0,2,1,0,0,2,117,138,157,178,3,111.53,147453.344,147453.344,334058.06,benchmark_class=structural_codegen_supporting_runtime;profile=cache_sweep;cache_sweep=yes;tile_policy=explicit_sweep;tile_size=32;mlir_tile_args=--affine-loop-tile=tile-size=32;mlir_tile_scope=upstream_affine_legal_bands;factorization=K0*K1;claim_scope=baseline_has_index_product_bound_but_no_dependent_natmul_provenance;timed_region=output_reset+kernel;tail_handling_present=yes;factorized_tile_count=0;tail_free_factorized=no,0,0,0,NA,NA,matmul_tiling,m=8;n=8;k0=4096;k1=3;k=12288;tile_size=32,mlir_baseline,NA,NA,NA,111.53,334058.06,3523.15,15,147453.344,ok,-O2,b3d15950d589ba2f2f5ee880cf5f459595ebd061,2026-05-04T11:49:45Z,38b48a70ce5b4c89b517a30fac02bbc2,/home/dominic/dev/scair/experiments/matmul_tiling_benchmark/out/env.json,/home/dominic/dev/scair/experiments/matmul_tiling_benchmark/out/8_8_4096_3_tile32_mlir_baseline.output.timings.txt
matmul_tiling_benchmark,matmul_tiling,mlir_baseline,mlir_baseline,ok,ok,1468,47,13,21,1,11,0,3,0,0,2,1,0,0,2,117,138,157,178,3,109.14,147453.344,147453.344,337104.53,benchmark_class=structural_codegen_supporting_runtime;profile=cache_sweep;cache_sweep=yes;tile_policy=explicit_sweep;tile_size=64;mlir_tile_args=--affine-loop-tile=tile-size=64;mlir_tile_scope=upstream_affine_legal_bands;factorization=K0*K1;claim_scope=baseline_has_index_product_bound_but_no_dependent_natmul_provenance;timed_region=output_reset+kernel;tail_handling_present=yes;factorized_tile_count=0;tail_free_factorized=no,0,0,0,NA,NA,matmul_tiling,m=8;n=8;k0=4096;k1=3;k=12288;tile_size=64,mlir_baseline,NA,NA,NA,109.14,337104.53,11214.00,15,147453.344,ok,-O2,b3d15950d589ba2f2f5ee880cf5f459595ebd061,2026-05-04T11:49:45Z,38b48a70ce5b4c89b517a30fac02bbc2,/home/dominic/dev/scair/experiments/matmul_tiling_benchmark/out/env.json,/home/dominic/dev/scair/experiments/matmul_tiling_benchmark/out/8_8_4096_3_tile64_mlir_baseline.output.timings.txt
matmul_tiling_benchmark,matmul_tiling,mlir_baseline,mlir_baseline,ok,ok,1468,47,13,21,1,11,0,3,0,0,2,1,0,0,2,117,138,157,178,3,112.25,147453.344,147453.344,332244.20,benchmark_class=structural_codegen_supporting_runtime;profile=cache_sweep;cache_sweep=yes;tile_policy=explicit_sweep;tile_size=128;mlir_tile_args=--affine-loop-tile=tile-size=128;mlir_tile_scope=upstream_affine_legal_bands;factorization=K0*K1;claim_scope=baseline_has_index_product_bound_but_no_dependent_natmul_provenance;timed_region=output_reset+kernel;tail_handling_present=yes;factorized_tile_count=0;tail_free_factorized=no,0,0,0,NA,NA,matmul_tiling,m=8;n=8;k0=4096;k1=3;k=12288;tile_size=128,mlir_baseline,NA,NA,NA,112.25,332244.20,3307.00,15,147453.344,ok,-O2,b3d15950d589ba2f2f5ee880cf5f459595ebd061,2026-05-04T11:49:45Z,38b48a70ce5b4c89b517a30fac02bbc2,/home/dominic/dev/scair/experiments/matmul_tiling_benchmark/out/env.json,/home/dominic/dev/scair/experiments/matmul_tiling_benchmark/out/8_8_4096_3_tile128_mlir_baseline.output.timings.txt
matmul_tiling_benchmark,matmul_tiling,scair_baseline,scair_baseline,ok,ok,2180,45,14,19,1,11,0,3,0,0,2,1,0,0,1,82,84,95,104,0,1395.63,147453.344,147453.344,330462.09,benchmark_class=structural_codegen_supporting_runtime;profile=cache_sweep;cache_sweep=yes;tile_policy=none;tile_size=untiled;mlir_tile_args=NA;mlir_tile_scope=NA;factorization=K0*K1;claim_scope=scair_dynamic_memref_baseline;timed_region=output_reset+kernel;tail_handling_present=no;factorized_tile_count=0;tail_free_factorized=no,0,0,0,NA,NA,matmul_tiling,m=8;n=8;k0=4096;k1=3;k=12288;tile_size=untiled,scair_baseline,NA,NA,NA,1395.63,330462.09,1439.30,15,147453.344,ok,-O2,b3d15950d589ba2f2f5ee880cf5f459595ebd061,2026-05-04T11:49:45Z,38b48a70ce5b4c89b517a30fac02bbc2,/home/dominic/dev/scair/experiments/matmul_tiling_benchmark/out/env.json,/home/dominic/dev/scair/experiments/matmul_tiling_benchmark/out/8_8_4096_3_scair_baseline.output.timings.txt
matmul_tiling_benchmark,matmul_tiling,value_dependent,value_dependent,ok,ok,2380,53,16,24,1,11,0,3,0,0,0,0,2,1,1,42,44,58,78,0,1446.46,147453.344,147453.344,361120.72,benchmark_class=structural_codegen_supporting_runtime;profile=cache_sweep;cache_sweep=yes;tile_policy=factorization_aware;tile_size=dependent_factorized;mlir_tile_args=NA;mlir_tile_scope=NA;factorization=K0*K1;claim_scope=dependent_natmul_guides_tail_free_reduction_tiling_in_tested_case;timed_region=output_reset+kernel;tail_handling_present=no;factorized_tile_count=2;tail_free_factorized=yes,0,0,0,NA,NA,matmul_tiling,m=8;n=8;k0=4096;k1=3;k=12288;tile_size=dependent_factorized,value_dependent,NA,NA,NA,1446.46,361120.72,2421.15,15,147453.344,ok,-O2,b3d15950d589ba2f2f5ee880cf5f459595ebd061,2026-05-04T11:49:45Z,38b48a70ce5b4c89b517a30fac02bbc2,/home/dominic/dev/scair/experiments/matmul_tiling_benchmark/out/env.json,/home/dominic/dev/scair/experiments/matmul_tiling_benchmark/out/8_8_4096_3_value_dependent.output.timings.txt
matmul_tiling_benchmark,matmul_tiling,mlir_baseline,mlir_baseline,ok,ok,1468,47,13,21,1,11,0,3,0,0,2,1,0,0,2,117,138,157,178,3,121.09,245756.219,245756.219,541304.28,benchmark_class=structural_codegen_supporting_runtime;profile=cache_sweep;cache_sweep=yes;tile_policy=explicit_sweep;tile_size=8;mlir_tile_args=--affine-loop-tile=tile-size=8;mlir_tile_scope=upstream_affine_legal_bands;factorization=K0*K1;claim_scope=baseline_has_index_product_bound_but_no_dependent_natmul_provenance;timed_region=output_reset+kernel;tail_handling_present=yes;factorized_tile_count=0;tail_free_factorized=no,0,0,0,NA,NA,matmul_tiling,m=8;n=8;k0=4096;k1=5;k=20480;tile_size=8,mlir_baseline,NA,NA,NA,121.09,541304.28,2090.13,15,245756.219,ok,-O2,b3d15950d589ba2f2f5ee880cf5f459595ebd061,2026-05-04T11:49:45Z,38b48a70ce5b4c89b517a30fac02bbc2,/home/dominic/dev/scair/experiments/matmul_tiling_benchmark/out/env.json,/home/dominic/dev/scair/experiments/matmul_tiling_benchmark/out/8_8_4096_5_tile8_mlir_baseline.output.timings.txt
matmul_tiling_benchmark,matmul_tiling,mlir_baseline,mlir_baseline,ok,ok,1468,47,13,21,1,11,0,3,0,0,2,1,0,0,2,117,138,157,178,3,108.54,245756.219,245756.219,537199.23,benchmark_class=structural_codegen_supporting_runtime;profile=cache_sweep;cache_sweep=yes;tile_policy=explicit_sweep;tile_size=16;mlir_tile_args=--affine-loop-tile=tile-size=16;mlir_tile_scope=upstream_affine_legal_bands;factorization=K0*K1;claim_scope=baseline_has_index_product_bound_but_no_dependent_natmul_provenance;timed_region=output_reset+kernel;tail_handling_present=yes;factorized_tile_count=0;tail_free_factorized=no,0,0,0,NA,NA,matmul_tiling,m=8;n=8;k0=4096;k1=5;k=20480;tile_size=16,mlir_baseline,NA,NA,NA,108.54,537199.23,1608.17,15,245756.219,ok,-O2,b3d15950d589ba2f2f5ee880cf5f459595ebd061,2026-05-04T11:49:45Z,38b48a70ce5b4c89b517a30fac02bbc2,/home/dominic/dev/scair/experiments/matmul_tiling_benchmark/out/env.json,/home/dominic/dev/scair/experiments/matmul_tiling_benchmark/out/8_8_4096_5_tile16_mlir_baseline.output.timings.txt
matmul_tiling_benchmark,matmul_tiling,mlir_baseline,mlir_baseline,ok,ok,1468,47,13,21,1,11,0,3,0,0,2,1,0,0,2,117,138,157,178,3,108.40,245756.219,245756.219,536519.10,benchmark_class=structural_codegen_supporting_runtime;profile=cache_sweep;cache_sweep=yes;tile_policy=explicit_sweep;tile_size=32;mlir_tile_args=--affine-loop-tile=tile-size=32;mlir_tile_scope=upstream_affine_legal_bands;factorization=K0*K1;claim_scope=baseline_has_index_product_bound_but_no_dependent_natmul_provenance;timed_region=output_reset+kernel;tail_handling_present=yes;factorized_tile_count=0;tail_free_factorized=no,0,0,0,NA,NA,matmul_tiling,m=8;n=8;k0=4096;k1=5;k=20480;tile_size=32,mlir_baseline,NA,NA,NA,108.40,536519.10,2609.15,15,245756.219,ok,-O2,b3d15950d589ba2f2f5ee880cf5f459595ebd061,2026-05-04T11:49:45Z,38b48a70ce5b4c89b517a30fac02bbc2,/home/dominic/dev/scair/experiments/matmul_tiling_benchmark/out/env.json,/home/dominic/dev/scair/experiments/matmul_tiling_benchmark/out/8_8_4096_5_tile32_mlir_baseline.output.timings.txt
matmul_tiling_benchmark,matmul_tiling,mlir_baseline,mlir_baseline,ok,ok,1468,47,13,21,1,11,0,3,0,0,2,1,0,0,2,117,138,157,178,3,113.28,245756.219,245756.219,542725.99,benchmark_class=structural_codegen_supporting_runtime;profile=cache_sweep;cache_sweep=yes;tile_policy=explicit_sweep;tile_size=64;mlir_tile_args=--affine-loop-tile=tile-size=64;mlir_tile_scope=upstream_affine_legal_bands;factorization=K0*K1;claim_scope=baseline_has_index_product_bound_but_no_dependent_natmul_provenance;timed_region=output_reset+kernel;tail_handling_present=yes;factorized_tile_count=0;tail_free_factorized=no,0,0,0,NA,NA,matmul_tiling,m=8;n=8;k0=4096;k1=5;k=20480;tile_size=64,mlir_baseline,NA,NA,NA,113.28,542725.99,2062.23,15,245756.219,ok,-O2,b3d15950d589ba2f2f5ee880cf5f459595ebd061,2026-05-04T11:49:45Z,38b48a70ce5b4c89b517a30fac02bbc2,/home/dominic/dev/scair/experiments/matmul_tiling_benchmark/out/env.json,/home/dominic/dev/scair/experiments/matmul_tiling_benchmark/out/8_8_4096_5_tile64_mlir_baseline.output.timings.txt
matmul_tiling_benchmark,matmul_tiling,mlir_baseline,mlir_baseline,ok,ok,1468,47,13,21,1,11,0,3,0,0,2,1,0,0,2,117,138,157,178,3,111.16,245756.219,245756.219,544360.60,benchmark_class=structural_codegen_supporting_runtime;profile=cache_sweep;cache_sweep=yes;tile_policy=explicit_sweep;tile_size=128;mlir_tile_args=--affine-loop-tile=tile-size=128;mlir_tile_scope=upstream_affine_legal_bands;factorization=K0*K1;claim_scope=baseline_has_index_product_bound_but_no_dependent_natmul_provenance;timed_region=output_reset+kernel;tail_handling_present=yes;factorized_tile_count=0;tail_free_factorized=no,0,0,0,NA,NA,matmul_tiling,m=8;n=8;k0=4096;k1=5;k=20480;tile_size=128,mlir_baseline,NA,NA,NA,111.16,544360.60,1234.32,15,245756.219,ok,-O2,b3d15950d589ba2f2f5ee880cf5f459595ebd061,2026-05-04T11:49:45Z,38b48a70ce5b4c89b517a30fac02bbc2,/home/dominic/dev/scair/experiments/matmul_tiling_benchmark/out/env.json,/home/dominic/dev/scair/experiments/matmul_tiling_benchmark/out/8_8_4096_5_tile128_mlir_baseline.output.timings.txt
matmul_tiling_benchmark,matmul_tiling,scair_baseline,scair_baseline,ok,ok,2180,45,14,19,1,11,0,3,0,0,2,1,0,0,1,82,84,95,104,0,1362.02,245756.219,245756.219,539639.50,benchmark_class=structural_codegen_supporting_runtime;profile=cache_sweep;cache_sweep=yes;tile_policy=none;tile_size=untiled;mlir_tile_args=NA;mlir_tile_scope=NA;factorization=K0*K1;claim_scope=scair_dynamic_memref_baseline;timed_region=output_reset+kernel;tail_handling_present=no;factorized_tile_count=0;tail_free_factorized=no,0,0,0,NA,NA,matmul_tiling,m=8;n=8;k0=4096;k1=5;k=20480;tile_size=untiled,scair_baseline,NA,NA,NA,1362.02,539639.50,2210.81,15,245756.219,ok,-O2,b3d15950d589ba2f2f5ee880cf5f459595ebd061,2026-05-04T11:49:45Z,38b48a70ce5b4c89b517a30fac02bbc2,/home/dominic/dev/scair/experiments/matmul_tiling_benchmark/out/env.json,/home/dominic/dev/scair/experiments/matmul_tiling_benchmark/out/8_8_4096_5_scair_baseline.output.timings.txt
matmul_tiling_benchmark,matmul_tiling,value_dependent,value_dependent,ok,ok,2380,53,16,24,1,11,0,3,0,0,0,0,2,1,1,42,44,58,78,0,1490.00,245756.219,245756.219,572070.29,benchmark_class=structural_codegen_supporting_runtime;profile=cache_sweep;cache_sweep=yes;tile_policy=factorization_aware;tile_size=dependent_factorized;mlir_tile_args=NA;mlir_tile_scope=NA;factorization=K0*K1;claim_scope=dependent_natmul_guides_tail_free_reduction_tiling_in_tested_case;timed_region=output_reset+kernel;tail_handling_present=no;factorized_tile_count=2;tail_free_factorized=yes,0,0,0,NA,NA,matmul_tiling,m=8;n=8;k0=4096;k1=5;k=20480;tile_size=dependent_factorized,value_dependent,NA,NA,NA,1490.00,572070.29,2221.31,15,245756.219,ok,-O2,b3d15950d589ba2f2f5ee880cf5f459595ebd061,2026-05-04T11:49:45Z,38b48a70ce5b4c89b517a30fac02bbc2,/home/dominic/dev/scair/experiments/matmul_tiling_benchmark/out/env.json,/home/dominic/dev/scair/experiments/matmul_tiling_benchmark/out/8_8_4096_5_value_dependent.output.timings.txt
matmul_tiling_benchmark,matmul_tiling,mlir_baseline,mlir_baseline,ok,ok,1468,47,13,21,1,11,0,3,0,0,2,1,0,0,2,117,138,157,178,3,107.66,344062.062,344062.062,762499.69,benchmark_class=structural_codegen_supporting_runtime;profile=cache_sweep;cache_sweep=yes;tile_policy=explicit_sweep;tile_size=8;mlir_tile_args=--affine-loop-tile=tile-size=8;mlir_tile_scope=upstream_affine_legal_bands;factorization=K0*K1;claim_scope=baseline_has_index_product_bound_but_no_dependent_natmul_provenance;timed_region=output_reset+kernel;tail_handling_present=yes;factorized_tile_count=0;tail_free_factorized=no,0,0,0,NA,NA,matmul_tiling,m=8;n=8;k0=4096;k1=7;k=28672;tile_size=8,mlir_baseline,NA,NA,NA,107.66,762499.69,44401.05,15,344062.062,ok,-O2,b3d15950d589ba2f2f5ee880cf5f459595ebd061,2026-05-04T11:49:45Z,38b48a70ce5b4c89b517a30fac02bbc2,/home/dominic/dev/scair/experiments/matmul_tiling_benchmark/out/env.json,/home/dominic/dev/scair/experiments/matmul_tiling_benchmark/out/8_8_4096_7_tile8_mlir_baseline.output.timings.txt
matmul_tiling_benchmark,matmul_tiling,mlir_baseline,mlir_baseline,ok,ok,1468,47,13,21,1,11,0,3,0,0,2,1,0,0,2,117,138,157,178,3,107.94,344062.062,344062.062,775875.16,benchmark_class=structural_codegen_supporting_runtime;profile=cache_sweep;cache_sweep=yes;tile_policy=explicit_sweep;tile_size=16;mlir_tile_args=--affine-loop-tile=tile-size=16;mlir_tile_scope=upstream_affine_legal_bands;factorization=K0*K1;claim_scope=baseline_has_index_product_bound_but_no_dependent_natmul_provenance;timed_region=output_reset+kernel;tail_handling_present=yes;factorized_tile_count=0;tail_free_factorized=no,0,0,0,NA,NA,matmul_tiling,m=8;n=8;k0=4096;k1=7;k=28672;tile_size=16,mlir_baseline,NA,NA,NA,107.94,775875.16,11513.56,15,344062.062,ok,-O2,b3d15950d589ba2f2f5ee880cf5f459595ebd061,2026-05-04T11:49:45Z,38b48a70ce5b4c89b517a30fac02bbc2,/home/dominic/dev/scair/experiments/matmul_tiling_benchmark/out/env.json,/home/dominic/dev/scair/experiments/matmul_tiling_benchmark/out/8_8_4096_7_tile16_mlir_baseline.output.timings.txt
matmul_tiling_benchmark,matmul_tiling,mlir_baseline,mlir_baseline,ok,ok,1468,47,13,21,1,11,0,3,0,0,2,1,0,0,2,117,138,157,178,3,108.37,344062.062,344062.062,772879.44,benchmark_class=structural_codegen_supporting_runtime;profile=cache_sweep;cache_sweep=yes;tile_policy=explicit_sweep;tile_size=32;mlir_tile_args=--affine-loop-tile=tile-size=32;mlir_tile_scope=upstream_affine_legal_bands;factorization=K0*K1;claim_scope=baseline_has_index_product_bound_but_no_dependent_natmul_provenance;timed_region=output_reset+kernel;tail_handling_present=yes;factorized_tile_count=0;tail_free_factorized=no,0,0,0,NA,NA,matmul_tiling,m=8;n=8;k0=4096;k1=7;k=28672;tile_size=32,mlir_baseline,NA,NA,NA,108.37,772879.44,4188.00,15,344062.062,ok,-O2,b3d15950d589ba2f2f5ee880cf5f459595ebd061,2026-05-04T11:49:45Z,38b48a70ce5b4c89b517a30fac02bbc2,/home/dominic/dev/scair/experiments/matmul_tiling_benchmark/out/env.json,/home/dominic/dev/scair/experiments/matmul_tiling_benchmark/out/8_8_4096_7_tile32_mlir_baseline.output.timings.txt
matmul_tiling_benchmark,matmul_tiling,mlir_baseline,mlir_baseline,ok,ok,1468,47,13,21,1,11,0,3,0,0,2,1,0,0,2,117,138,157,178,3,119.37,344062.062,344062.062,792887.93,benchmark_class=structural_codegen_supporting_runtime;profile=cache_sweep;cache_sweep=yes;tile_policy=explicit_sweep;tile_size=64;mlir_tile_args=--affine-loop-tile=tile-size=64;mlir_tile_scope=upstream_affine_legal_bands;factorization=K0*K1;claim_scope=baseline_has_index_product_bound_but_no_dependent_natmul_provenance;timed_region=output_reset+kernel;tail_handling_present=yes;factorized_tile_count=0;tail_free_factorized=no,0,0,0,NA,NA,matmul_tiling,m=8;n=8;k0=4096;k1=7;k=28672;tile_size=64,mlir_baseline,NA,NA,NA,119.37,792887.93,32547.70,15,344062.062,ok,-O2,b3d15950d589ba2f2f5ee880cf5f459595ebd061,2026-05-04T11:49:45Z,38b48a70ce5b4c89b517a30fac02bbc2,/home/dominic/dev/scair/experiments/matmul_tiling_benchmark/out/env.json,/home/dominic/dev/scair/experiments/matmul_tiling_benchmark/out/8_8_4096_7_tile64_mlir_baseline.output.timings.txt
matmul_tiling_benchmark,matmul_tiling,mlir_baseline,mlir_baseline,ok,ok,1468,47,13,21,1,11,0,3,0,0,2,1,0,0,2,117,138,157,178,3,111.53,344062.062,344062.062,780308.41,benchmark_class=structural_codegen_supporting_runtime;profile=cache_sweep;cache_sweep=yes;tile_policy=explicit_sweep;tile_size=128;mlir_tile_args=--affine-loop-tile=tile-size=128;mlir_tile_scope=upstream_affine_legal_bands;factorization=K0*K1;claim_scope=baseline_has_index_product_bound_but_no_dependent_natmul_provenance;timed_region=output_reset+kernel;tail_handling_present=yes;factorized_tile_count=0;tail_free_factorized=no,0,0,0,NA,NA,matmul_tiling,m=8;n=8;k0=4096;k1=7;k=28672;tile_size=128,mlir_baseline,NA,NA,NA,111.53,780308.41,10487.45,15,344062.062,ok,-O2,b3d15950d589ba2f2f5ee880cf5f459595ebd061,2026-05-04T11:49:45Z,38b48a70ce5b4c89b517a30fac02bbc2,/home/dominic/dev/scair/experiments/matmul_tiling_benchmark/out/env.json,/home/dominic/dev/scair/experiments/matmul_tiling_benchmark/out/8_8_4096_7_tile128_mlir_baseline.output.timings.txt
matmul_tiling_benchmark,matmul_tiling,scair_baseline,scair_baseline,ok,ok,2180,45,14,19,1,11,0,3,0,0,2,1,0,0,1,82,84,95,104,0,1375.86,344062.062,344062.062,774843.57,benchmark_class=structural_codegen_supporting_runtime;profile=cache_sweep;cache_sweep=yes;tile_policy=none;tile_size=untiled;mlir_tile_args=NA;mlir_tile_scope=NA;factorization=K0*K1;claim_scope=scair_dynamic_memref_baseline;timed_region=output_reset+kernel;tail_handling_present=no;factorized_tile_count=0;tail_free_factorized=no,0,0,0,NA,NA,matmul_tiling,m=8;n=8;k0=4096;k1=7;k=28672;tile_size=untiled,scair_baseline,NA,NA,NA,1375.86,774843.57,9790.53,15,344062.062,ok,-O2,b3d15950d589ba2f2f5ee880cf5f459595ebd061,2026-05-04T11:49:45Z,38b48a70ce5b4c89b517a30fac02bbc2,/home/dominic/dev/scair/experiments/matmul_tiling_benchmark/out/env.json,/home/dominic/dev/scair/experiments/matmul_tiling_benchmark/out/8_8_4096_7_scair_baseline.output.timings.txt
matmul_tiling_benchmark,matmul_tiling,value_dependent,value_dependent,ok,ok,2380,53,16,24,1,11,0,3,0,0,0,0,2,1,1,42,44,58,78,0,1511.06,344062.062,344062.062,827452.47,benchmark_class=structural_codegen_supporting_runtime;profile=cache_sweep;cache_sweep=yes;tile_policy=factorization_aware;tile_size=dependent_factorized;mlir_tile_args=NA;mlir_tile_scope=NA;factorization=K0*K1;claim_scope=dependent_natmul_guides_tail_free_reduction_tiling_in_tested_case;timed_region=output_reset+kernel;tail_handling_present=no;factorized_tile_count=2;tail_free_factorized=yes,0,0,0,NA,NA,matmul_tiling,m=8;n=8;k0=4096;k1=7;k=28672;tile_size=dependent_factorized,value_dependent,NA,NA,NA,1511.06,827452.47,8978.57,15,344062.062,ok,-O2,b3d15950d589ba2f2f5ee880cf5f459595ebd061,2026-05-04T11:49:45Z,38b48a70ce5b4c89b517a30fac02bbc2,/home/dominic/dev/scair/experiments/matmul_tiling_benchmark/out/env.json,/home/dominic/dev/scair/experiments/matmul_tiling_benchmark/out/8_8_4096_7_value_dependent.output.timings.txt
matmul_tiling_benchmark,matmul_tiling,mlir_baseline,mlir_baseline,ok,ok,1468,47,13,21,1,11,0,3,0,0,2,1,0,0,2,117,138,157,178,3,108.14,393212.938,393212.938,872415.35,benchmark_class=structural_codegen_supporting_runtime;profile=cache_sweep;cache_sweep=yes;tile_policy=explicit_sweep;tile_size=8;mlir_tile_args=--affine-loop-tile=tile-size=8;mlir_tile_scope=upstream_affine_legal_bands;factorization=K0*K1;claim_scope=baseline_has_index_product_bound_but_no_dependent_natmul_provenance;timed_region=output_reset+kernel;tail_handling_present=yes;factorized_tile_count=0;tail_free_factorized=no,0,0,0,NA,NA,matmul_tiling,m=8;n=8;k0=4096;k1=8;k=32768;tile_size=8,mlir_baseline,NA,NA,NA,108.14,872415.35,3866.02,15,393212.938,ok,-O2,b3d15950d589ba2f2f5ee880cf5f459595ebd061,2026-05-04T11:49:45Z,38b48a70ce5b4c89b517a30fac02bbc2,/home/dominic/dev/scair/experiments/matmul_tiling_benchmark/out/env.json,/home/dominic/dev/scair/experiments/matmul_tiling_benchmark/out/8_8_4096_8_tile8_mlir_baseline.output.timings.txt
matmul_tiling_benchmark,matmul_tiling,mlir_baseline,mlir_baseline,ok,ok,1468,47,13,21,1,11,0,3,0,0,2,1,0,0,2,117,138,157,178,3,107.66,393212.938,393212.938,872836.38,benchmark_class=structural_codegen_supporting_runtime;profile=cache_sweep;cache_sweep=yes;tile_policy=explicit_sweep;tile_size=16;mlir_tile_args=--affine-loop-tile=tile-size=16;mlir_tile_scope=upstream_affine_legal_bands;factorization=K0*K1;claim_scope=baseline_has_index_product_bound_but_no_dependent_natmul_provenance;timed_region=output_reset+kernel;tail_handling_present=yes;factorized_tile_count=0;tail_free_factorized=no,0,0,0,NA,NA,matmul_tiling,m=8;n=8;k0=4096;k1=8;k=32768;tile_size=16,mlir_baseline,NA,NA,NA,107.66,872836.38,6136.90,15,393212.938,ok,-O2,b3d15950d589ba2f2f5ee880cf5f459595ebd061,2026-05-04T11:49:45Z,38b48a70ce5b4c89b517a30fac02bbc2,/home/dominic/dev/scair/experiments/matmul_tiling_benchmark/out/env.json,/home/dominic/dev/scair/experiments/matmul_tiling_benchmark/out/8_8_4096_8_tile16_mlir_baseline.output.timings.txt
matmul_tiling_benchmark,matmul_tiling,mlir_baseline,mlir_baseline,ok,ok,1468,47,13,21,1,11,0,3,0,0,2,1,0,0,2,117,138,157,178,3,107.68,393212.938,393212.938,877493.33,benchmark_class=structural_codegen_supporting_runtime;profile=cache_sweep;cache_sweep=yes;tile_policy=explicit_sweep;tile_size=32;mlir_tile_args=--affine-loop-tile=tile-size=32;mlir_tile_scope=upstream_affine_legal_bands;factorization=K0*K1;claim_scope=baseline_has_index_product_bound_but_no_dependent_natmul_provenance;timed_region=output_reset+kernel;tail_handling_present=yes;factorized_tile_count=0;tail_free_factorized=no,0,0,0,NA,NA,matmul_tiling,m=8;n=8;k0=4096;k1=8;k=32768;tile_size=32,mlir_baseline,NA,NA,NA,107.68,877493.33,19046.16,15,393212.938,ok,-O2,b3d15950d589ba2f2f5ee880cf5f459595ebd061,2026-05-04T11:49:45Z,38b48a70ce5b4c89b517a30fac02bbc2,/home/dominic/dev/scair/experiments/matmul_tiling_benchmark/out/env.json,/home/dominic/dev/scair/experiments/matmul_tiling_benchmark/out/8_8_4096_8_tile32_mlir_baseline.output.timings.txt
matmul_tiling_benchmark,matmul_tiling,mlir_baseline,mlir_baseline,ok,ok,1468,47,13,21,1,11,0,3,0,0,2,1,0,0,2,117,138,157,178,3,128.41,393212.938,393212.938,916639.11,benchmark_class=structural_codegen_supporting_runtime;profile=cache_sweep;cache_sweep=yes;tile_policy=explicit_sweep;tile_size=64;mlir_tile_args=--affine-loop-tile=tile-size=64;mlir_tile_scope=upstream_affine_legal_bands;factorization=K0*K1;claim_scope=baseline_has_index_product_bound_but_no_dependent_natmul_provenance;timed_region=output_reset+kernel;tail_handling_present=yes;factorized_tile_count=0;tail_free_factorized=no,0,0,0,NA,NA,matmul_tiling,m=8;n=8;k0=4096;k1=8;k=32768;tile_size=64,mlir_baseline,NA,NA,NA,128.41,916639.11,44487.58,15,393212.938,ok,-O2,b3d15950d589ba2f2f5ee880cf5f459595ebd061,2026-05-04T11:49:45Z,38b48a70ce5b4c89b517a30fac02bbc2,/home/dominic/dev/scair/experiments/matmul_tiling_benchmark/out/env.json,/home/dominic/dev/scair/experiments/matmul_tiling_benchmark/out/8_8_4096_8_tile64_mlir_baseline.output.timings.txt
matmul_tiling_benchmark,matmul_tiling,mlir_baseline,mlir_baseline,ok,ok,1468,47,13,21,1,11,0,3,0,0,2,1,0,0,2,117,138,157,178,3,123.86,393212.938,393212.938,902589.47,benchmark_class=structural_codegen_supporting_runtime;profile=cache_sweep;cache_sweep=yes;tile_policy=explicit_sweep;tile_size=128;mlir_tile_args=--affine-loop-tile=tile-size=128;mlir_tile_scope=upstream_affine_legal_bands;factorization=K0*K1;claim_scope=baseline_has_index_product_bound_but_no_dependent_natmul_provenance;timed_region=output_reset+kernel;tail_handling_present=yes;factorized_tile_count=0;tail_free_factorized=no,0,0,0,NA,NA,matmul_tiling,m=8;n=8;k0=4096;k1=8;k=32768;tile_size=128,mlir_baseline,NA,NA,NA,123.86,902589.47,13333.15,15,393212.938,ok,-O2,b3d15950d589ba2f2f5ee880cf5f459595ebd061,2026-05-04T11:49:45Z,38b48a70ce5b4c89b517a30fac02bbc2,/home/dominic/dev/scair/experiments/matmul_tiling_benchmark/out/env.json,/home/dominic/dev/scair/experiments/matmul_tiling_benchmark/out/8_8_4096_8_tile128_mlir_baseline.output.timings.txt
matmul_tiling_benchmark,matmul_tiling,scair_baseline,scair_baseline,ok,ok,2180,45,14,19,1,11,0,3,0,0,2,1,0,0,1,82,84,95,104,0,1781.29,393212.938,393212.938,889669.34,benchmark_class=structural_codegen_supporting_runtime;profile=cache_sweep;cache_sweep=yes;tile_policy=none;tile_size=untiled;mlir_tile_args=NA;mlir_tile_scope=NA;factorization=K0*K1;claim_scope=scair_dynamic_memref_baseline;timed_region=output_reset+kernel;tail_handling_present=no;factorized_tile_count=0;tail_free_factorized=no,0,0,0,NA,NA,matmul_tiling,m=8;n=8;k0=4096;k1=8;k=32768;tile_size=untiled,scair_baseline,NA,NA,NA,1781.29,889669.34,3641.93,15,393212.938,ok,-O2,b3d15950d589ba2f2f5ee880cf5f459595ebd061,2026-05-04T11:49:45Z,38b48a70ce5b4c89b517a30fac02bbc2,/home/dominic/dev/scair/experiments/matmul_tiling_benchmark/out/env.json,/home/dominic/dev/scair/experiments/matmul_tiling_benchmark/out/8_8_4096_8_scair_baseline.output.timings.txt
matmul_tiling_benchmark,matmul_tiling,value_dependent,value_dependent,ok,ok,2380,53,16,24,1,11,0,3,0,0,0,0,2,1,1,42,44,58,78,0,1478.00,393212.938,393212.938,899624.37,benchmark_class=structural_codegen_supporting_runtime;profile=cache_sweep;cache_sweep=yes;tile_policy=factorization_aware;tile_size=dependent_factorized;mlir_tile_args=NA;mlir_tile_scope=NA;factorization=K0*K1;claim_scope=dependent_natmul_guides_tail_free_reduction_tiling_in_tested_case;timed_region=output_reset+kernel;tail_handling_present=no;factorized_tile_count=2;tail_free_factorized=yes,0,0,0,NA,NA,matmul_tiling,m=8;n=8;k0=4096;k1=8;k=32768;tile_size=dependent_factorized,value_dependent,NA,NA,NA,1478.00,899624.37,8984.04,15,393212.938,ok,-O2,b3d15950d589ba2f2f5ee880cf5f459595ebd061,2026-05-04T11:49:45Z,38b48a70ce5b4c89b517a30fac02bbc2,/home/dominic/dev/scair/experiments/matmul_tiling_benchmark/out/env.json,/home/dominic/dev/scair/experiments/matmul_tiling_benchmark/out/8_8_4096_8_value_dependent.output.timings.txt
matmul_tiling_benchmark,matmul_tiling,mlir_baseline,mlir_baseline,ok,ok,1468,47,13,21,1,11,0,3,0,0,2,1,0,0,2,117,138,157,178,3,115.61,294907.312,294907.312,682826.38,benchmark_class=structural_codegen_supporting_runtime;profile=cache_sweep;cache_sweep=yes;tile_policy=explicit_sweep;tile_size=8;mlir_tile_args=--affine-loop-tile=tile-size=8;mlir_tile_scope=upstream_affine_legal_bands;factorization=K0*K1;claim_scope=baseline_has_index_product_bound_but_no_dependent_natmul_provenance;timed_region=output_reset+kernel;tail_handling_present=yes;factorized_tile_count=0;tail_free_factorized=no,0,0,0,NA,NA,matmul_tiling,m=16;n=16;k0=2048;k1=3;k=6144;tile_size=8,mlir_baseline,NA,NA,NA,115.61,682826.38,5491.32,15,294907.312,ok,-O2,b3d15950d589ba2f2f5ee880cf5f459595ebd061,2026-05-04T11:49:45Z,38b48a70ce5b4c89b517a30fac02bbc2,/home/dominic/dev/scair/experiments/matmul_tiling_benchmark/out/env.json,/home/dominic/dev/scair/experiments/matmul_tiling_benchmark/out/16_16_2048_3_tile8_mlir_baseline.output.timings.txt
matmul_tiling_benchmark,matmul_tiling,mlir_baseline,mlir_baseline,ok,ok,1468,47,13,21,1,11,0,3,0,0,2,1,0,0,2,117,138,157,178,3,107.86,294907.312,294907.312,686768.96,benchmark_class=structural_codegen_supporting_runtime;profile=cache_sweep;cache_sweep=yes;tile_policy=explicit_sweep;tile_size=16;mlir_tile_args=--affine-loop-tile=tile-size=16;mlir_tile_scope=upstream_affine_legal_bands;factorization=K0*K1;claim_scope=baseline_has_index_product_bound_but_no_dependent_natmul_provenance;timed_region=output_reset+kernel;tail_handling_present=yes;factorized_tile_count=0;tail_free_factorized=no,0,0,0,NA,NA,matmul_tiling,m=16;n=16;k0=2048;k1=3;k=6144;tile_size=16,mlir_baseline,NA,NA,NA,107.86,686768.96,12350.97,15,294907.312,ok,-O2,b3d15950d589ba2f2f5ee880cf5f459595ebd061,2026-05-04T11:49:45Z,38b48a70ce5b4c89b517a30fac02bbc2,/home/dominic/dev/scair/experiments/matmul_tiling_benchmark/out/env.json,/home/dominic/dev/scair/experiments/matmul_tiling_benchmark/out/16_16_2048_3_tile16_mlir_baseline.output.timings.txt
matmul_tiling_benchmark,matmul_tiling,mlir_baseline,mlir_baseline,ok,ok,1468,47,13,21,1,11,0,3,0,0,2,1,0,0,2,117,138,157,178,3,109.73,294907.312,294907.312,674806.52,benchmark_class=structural_codegen_supporting_runtime;profile=cache_sweep;cache_sweep=yes;tile_policy=explicit_sweep;tile_size=32;mlir_tile_args=--affine-loop-tile=tile-size=32;mlir_tile_scope=upstream_affine_legal_bands;factorization=K0*K1;claim_scope=baseline_has_index_product_bound_but_no_dependent_natmul_provenance;timed_region=output_reset+kernel;tail_handling_present=yes;factorized_tile_count=0;tail_free_factorized=no,0,0,0,NA,NA,matmul_tiling,m=16;n=16;k0=2048;k1=3;k=6144;tile_size=32,mlir_baseline,NA,NA,NA,109.73,674806.52,4316.59,15,294907.312,ok,-O2,b3d15950d589ba2f2f5ee880cf5f459595ebd061,2026-05-04T11:49:45Z,38b48a70ce5b4c89b517a30fac02bbc2,/home/dominic/dev/scair/experiments/matmul_tiling_benchmark/out/env.json,/home/dominic/dev/scair/experiments/matmul_tiling_benchmark/out/16_16_2048_3_tile32_mlir_baseline.output.timings.txt
matmul_tiling_benchmark,matmul_tiling,mlir_baseline,mlir_baseline,ok,ok,1468,47,13,21,1,11,0,3,0,0,2,1,0,0,2,117,138,157,178,3,110.46,294907.312,294907.312,677519.03,benchmark_class=structural_codegen_supporting_runtime;profile=cache_sweep;cache_sweep=yes;tile_policy=explicit_sweep;tile_size=64;mlir_tile_args=--affine-loop-tile=tile-size=64;mlir_tile_scope=upstream_affine_legal_bands;factorization=K0*K1;claim_scope=baseline_has_index_product_bound_but_no_dependent_natmul_provenance;timed_region=output_reset+kernel;tail_handling_present=yes;factorized_tile_count=0;tail_free_factorized=no,0,0,0,NA,NA,matmul_tiling,m=16;n=16;k0=2048;k1=3;k=6144;tile_size=64,mlir_baseline,NA,NA,NA,110.46,677519.03,16598.56,15,294907.312,ok,-O2,b3d15950d589ba2f2f5ee880cf5f459595ebd061,2026-05-04T11:49:45Z,38b48a70ce5b4c89b517a30fac02bbc2,/home/dominic/dev/scair/experiments/matmul_tiling_benchmark/out/env.json,/home/dominic/dev/scair/experiments/matmul_tiling_benchmark/out/16_16_2048_3_tile64_mlir_baseline.output.timings.txt
matmul_tiling_benchmark,matmul_tiling,mlir_baseline,mlir_baseline,ok,ok,1468,47,13,21,1,11,0,3,0,0,2,1,0,0,2,117,138,157,178,3,114.28,294907.312,294907.312,698659.74,benchmark_class=structural_codegen_supporting_runtime;profile=cache_sweep;cache_sweep=yes;tile_policy=explicit_sweep;tile_size=128;mlir_tile_args=--affine-loop-tile=tile-size=128;mlir_tile_scope=upstream_affine_legal_bands;factorization=K0*K1;claim_scope=baseline_has_index_product_bound_but_no_dependent_natmul_provenance;timed_region=output_reset+kernel;tail_handling_present=yes;factorized_tile_count=0;tail_free_factorized=no,0,0,0,NA,NA,matmul_tiling,m=16;n=16;k0=2048;k1=3;k=6144;tile_size=128,mlir_baseline,NA,NA,NA,114.28,698659.74,9178.11,15,294907.312,ok,-O2,b3d15950d589ba2f2f5ee880cf5f459595ebd061,2026-05-04T11:49:45Z,38b48a70ce5b4c89b517a30fac02bbc2,/home/dominic/dev/scair/experiments/matmul_tiling_benchmark/out/env.json,/home/dominic/dev/scair/experiments/matmul_tiling_benchmark/out/16_16_2048_3_tile128_mlir_baseline.output.timings.txt
matmul_tiling_benchmark,matmul_tiling,scair_baseline,scair_baseline,ok,ok,2180,45,14,19,1,11,0,3,0,0,2,1,0,0,1,82,84,95,104,0,1374.76,294907.312,294907.312,679661.71,benchmark_class=structural_codegen_supporting_runtime;profile=cache_sweep;cache_sweep=yes;tile_policy=none;tile_size=untiled;mlir_tile_args=NA;mlir_tile_scope=NA;factorization=K0*K1;claim_scope=scair_dynamic_memref_baseline;timed_region=output_reset+kernel;tail_handling_present=no;factorized_tile_count=0;tail_free_factorized=no,0,0,0,NA,NA,matmul_tiling,m=16;n=16;k0=2048;k1=3;k=6144;tile_size=untiled,scair_baseline,NA,NA,NA,1374.76,679661.71,4126.71,15,294907.312,ok,-O2,b3d15950d589ba2f2f5ee880cf5f459595ebd061,2026-05-04T11:49:45Z,38b48a70ce5b4c89b517a30fac02bbc2,/home/dominic/dev/scair/experiments/matmul_tiling_benchmark/out/env.json,/home/dominic/dev/scair/experiments/matmul_tiling_benchmark/out/16_16_2048_3_scair_baseline.output.timings.txt
matmul_tiling_benchmark,matmul_tiling,value_dependent,value_dependent,ok,ok,2380,53,16,24,1,11,0,3,0,0,0,0,2,1,1,42,44,58,78,0,1518.60,294907.312,294907.312,743793.17,benchmark_class=structural_codegen_supporting_runtime;profile=cache_sweep;cache_sweep=yes;tile_policy=factorization_aware;tile_size=dependent_factorized;mlir_tile_args=NA;mlir_tile_scope=NA;factorization=K0*K1;claim_scope=dependent_natmul_guides_tail_free_reduction_tiling_in_tested_case;timed_region=output_reset+kernel;tail_handling_present=no;factorized_tile_count=2;tail_free_factorized=yes,0,0,0,NA,NA,matmul_tiling,m=16;n=16;k0=2048;k1=3;k=6144;tile_size=dependent_factorized,value_dependent,NA,NA,NA,1518.60,743793.17,5645.06,15,294907.312,ok,-O2,b3d15950d589ba2f2f5ee880cf5f459595ebd061,2026-05-04T11:49:45Z,38b48a70ce5b4c89b517a30fac02bbc2,/home/dominic/dev/scair/experiments/matmul_tiling_benchmark/out/env.json,/home/dominic/dev/scair/experiments/matmul_tiling_benchmark/out/16_16_2048_3_value_dependent.output.timings.txt
matmul_tiling_benchmark,matmul_tiling,mlir_baseline,mlir_baseline,ok,ok,1468,47,13,21,1,11,0,3,0,0,2,1,0,0,2,117,138,157,178,3,107.34,491512.625,491512.625,1164829.10,benchmark_class=structural_codegen_supporting_runtime;profile=cache_sweep;cache_sweep=yes;tile_policy=explicit_sweep;tile_size=8;mlir_tile_args=--affine-loop-tile=tile-size=8;mlir_tile_scope=upstream_affine_legal_bands;factorization=K0*K1;claim_scope=baseline_has_index_product_bound_but_no_dependent_natmul_provenance;timed_region=output_reset+kernel;tail_handling_present=yes;factorized_tile_count=0;tail_free_factorized=no,0,0,0,NA,NA,matmul_tiling,m=16;n=16;k0=2048;k1=5;k=10240;tile_size=8,mlir_baseline,NA,NA,NA,107.34,1164829.10,14555.61,15,491512.625,ok,-O2,b3d15950d589ba2f2f5ee880cf5f459595ebd061,2026-05-04T11:49:45Z,38b48a70ce5b4c89b517a30fac02bbc2,/home/dominic/dev/scair/experiments/matmul_tiling_benchmark/out/env.json,/home/dominic/dev/scair/experiments/matmul_tiling_benchmark/out/16_16_2048_5_tile8_mlir_baseline.output.timings.txt
matmul_tiling_benchmark,matmul_tiling,mlir_baseline,mlir_baseline,ok,ok,1468,47,13,21,1,11,0,3,0,0,2,1,0,0,2,117,138,157,178,3,98.90,491512.625,491512.625,1152340.56,benchmark_class=structural_codegen_supporting_runtime;profile=cache_sweep;cache_sweep=yes;tile_policy=explicit_sweep;tile_size=16;mlir_tile_args=--affine-loop-tile=tile-size=16;mlir_tile_scope=upstream_affine_legal_bands;factorization=K0*K1;claim_scope=baseline_has_index_product_bound_but_no_dependent_natmul_provenance;timed_region=output_reset+kernel;tail_handling_present=yes;factorized_tile_count=0;tail_free_factorized=no,0,0,0,NA,NA,matmul_tiling,m=16;n=16;k0=2048;k1=5;k=10240;tile_size=16,mlir_baseline,NA,NA,NA,98.90,1152340.56,20805.90,15,491512.625,ok,-O2,b3d15950d589ba2f2f5ee880cf5f459595ebd061,2026-05-04T11:49:45Z,38b48a70ce5b4c89b517a30fac02bbc2,/home/dominic/dev/scair/experiments/matmul_tiling_benchmark/out/env.json,/home/dominic/dev/scair/experiments/matmul_tiling_benchmark/out/16_16_2048_5_tile16_mlir_baseline.output.timings.txt
matmul_tiling_benchmark,matmul_tiling,mlir_baseline,mlir_baseline,ok,ok,1468,47,13,21,1,11,0,3,0,0,2,1,0,0,2,117,138,157,178,3,97.21,491512.625,491512.625,1156771.11,benchmark_class=structural_codegen_supporting_runtime;profile=cache_sweep;cache_sweep=yes;tile_policy=explicit_sweep;tile_size=32;mlir_tile_args=--affine-loop-tile=tile-size=32;mlir_tile_scope=upstream_affine_legal_bands;factorization=K0*K1;claim_scope=baseline_has_index_product_bound_but_no_dependent_natmul_provenance;timed_region=output_reset+kernel;tail_handling_present=yes;factorized_tile_count=0;tail_free_factorized=no,0,0,0,NA,NA,matmul_tiling,m=16;n=16;k0=2048;k1=5;k=10240;tile_size=32,mlir_baseline,NA,NA,NA,97.21,1156771.11,16433.93,15,491512.625,ok,-O2,b3d15950d589ba2f2f5ee880cf5f459595ebd061,2026-05-04T11:49:45Z,38b48a70ce5b4c89b517a30fac02bbc2,/home/dominic/dev/scair/experiments/matmul_tiling_benchmark/out/env.json,/home/dominic/dev/scair/experiments/matmul_tiling_benchmark/out/16_16_2048_5_tile32_mlir_baseline.output.timings.txt
matmul_tiling_benchmark,matmul_tiling,mlir_baseline,mlir_baseline,ok,ok,1468,47,13,21,1,11,0,3,0,0,2,1,0,0,2,117,138,157,178,3,97.14,491512.625,491512.625,1138390.12,benchmark_class=structural_codegen_supporting_runtime;profile=cache_sweep;cache_sweep=yes;tile_policy=explicit_sweep;tile_size=64;mlir_tile_args=--affine-loop-tile=tile-size=64;mlir_tile_scope=upstream_affine_legal_bands;factorization=K0*K1;claim_scope=baseline_has_index_product_bound_but_no_dependent_natmul_provenance;timed_region=output_reset+kernel;tail_handling_present=yes;factorized_tile_count=0;tail_free_factorized=no,0,0,0,NA,NA,matmul_tiling,m=16;n=16;k0=2048;k1=5;k=10240;tile_size=64,mlir_baseline,NA,NA,NA,97.14,1138390.12,18604.20,15,491512.625,ok,-O2,b3d15950d589ba2f2f5ee880cf5f459595ebd061,2026-05-04T11:49:45Z,38b48a70ce5b4c89b517a30fac02bbc2,/home/dominic/dev/scair/experiments/matmul_tiling_benchmark/out/env.json,/home/dominic/dev/scair/experiments/matmul_tiling_benchmark/out/16_16_2048_5_tile64_mlir_baseline.output.timings.txt
matmul_tiling_benchmark,matmul_tiling,mlir_baseline,mlir_baseline,ok,ok,1468,47,13,21,1,11,0,3,0,0,2,1,0,0,2,117,138,157,178,3,97.63,491512.625,491512.625,1127534.22,benchmark_class=structural_codegen_supporting_runtime;profile=cache_sweep;cache_sweep=yes;tile_policy=explicit_sweep;tile_size=128;mlir_tile_args=--affine-loop-tile=tile-size=128;mlir_tile_scope=upstream_affine_legal_bands;factorization=K0*K1;claim_scope=baseline_has_index_product_bound_but_no_dependent_natmul_provenance;timed_region=output_reset+kernel;tail_handling_present=yes;factorized_tile_count=0;tail_free_factorized=no,0,0,0,NA,NA,matmul_tiling,m=16;n=16;k0=2048;k1=5;k=10240;tile_size=128,mlir_baseline,NA,NA,NA,97.63,1127534.22,8581.63,15,491512.625,ok,-O2,b3d15950d589ba2f2f5ee880cf5f459595ebd061,2026-05-04T11:49:45Z,38b48a70ce5b4c89b517a30fac02bbc2,/home/dominic/dev/scair/experiments/matmul_tiling_benchmark/out/env.json,/home/dominic/dev/scair/experiments/matmul_tiling_benchmark/out/16_16_2048_5_tile128_mlir_baseline.output.timings.txt
matmul_tiling_benchmark,matmul_tiling,scair_baseline,scair_baseline,ok,ok,2180,45,14,19,1,11,0,3,0,0,2,1,0,0,1,82,84,95,104,0,1356.21,491512.625,491512.625,1120021.04,benchmark_class=structural_codegen_supporting_runtime;profile=cache_sweep;cache_sweep=yes;tile_policy=none;tile_size=untiled;mlir_tile_args=NA;mlir_tile_scope=NA;factorization=K0*K1;claim_scope=scair_dynamic_memref_baseline;timed_region=output_reset+kernel;tail_handling_present=no;factorized_tile_count=0;tail_free_factorized=no,0,0,0,NA,NA,matmul_tiling,m=16;n=16;k0=2048;k1=5;k=10240;tile_size=untiled,scair_baseline,NA,NA,NA,1356.21,1120021.04,5095.68,15,491512.625,ok,-O2,b3d15950d589ba2f2f5ee880cf5f459595ebd061,2026-05-04T11:49:45Z,38b48a70ce5b4c89b517a30fac02bbc2,/home/dominic/dev/scair/experiments/matmul_tiling_benchmark/out/env.json,/home/dominic/dev/scair/experiments/matmul_tiling_benchmark/out/16_16_2048_5_scair_baseline.output.timings.txt
matmul_tiling_benchmark,matmul_tiling,value_dependent,value_dependent,ok,ok,2380,53,16,24,1,11,0,3,0,0,0,0,2,1,1,42,44,58,78,0,1418.74,491512.625,491512.625,1146054.30,benchmark_class=structural_codegen_supporting_runtime;profile=cache_sweep;cache_sweep=yes;tile_policy=factorization_aware;tile_size=dependent_factorized;mlir_tile_args=NA;mlir_tile_scope=NA;factorization=K0*K1;claim_scope=dependent_natmul_guides_tail_free_reduction_tiling_in_tested_case;timed_region=output_reset+kernel;tail_handling_present=no;factorized_tile_count=2;tail_free_factorized=yes,0,0,0,NA,NA,matmul_tiling,m=16;n=16;k0=2048;k1=5;k=10240;tile_size=dependent_factorized,value_dependent,NA,NA,NA,1418.74,1146054.30,11405.93,15,491512.625,ok,-O2,b3d15950d589ba2f2f5ee880cf5f459595ebd061,2026-05-04T11:49:45Z,38b48a70ce5b4c89b517a30fac02bbc2,/home/dominic/dev/scair/experiments/matmul_tiling_benchmark/out/env.json,/home/dominic/dev/scair/experiments/matmul_tiling_benchmark/out/16_16_2048_5_value_dependent.output.timings.txt
matmul_tiling_benchmark,matmul_tiling,mlir_baseline,mlir_baseline,ok,ok,1468,47,13,21,1,11,0,3,0,0,2,1,0,0,2,117,138,157,178,3,99.60,688126.375,688126.375,1570681.47,benchmark_class=structural_codegen_supporting_runtime;profile=cache_sweep;cache_sweep=yes;tile_policy=explicit_sweep;tile_size=8;mlir_tile_args=--affine-loop-tile=tile-size=8;mlir_tile_scope=upstream_affine_legal_bands;factorization=K0*K1;claim_scope=baseline_has_index_product_bound_but_no_dependent_natmul_provenance;timed_region=output_reset+kernel;tail_handling_present=yes;factorized_tile_count=0;tail_free_factorized=no,0,0,0,NA,NA,matmul_tiling,m=16;n=16;k0=2048;k1=7;k=14336;tile_size=8,mlir_baseline,NA,NA,NA,99.60,1570681.47,60930.40,15,688126.375,ok,-O2,b3d15950d589ba2f2f5ee880cf5f459595ebd061,2026-05-04T11:49:45Z,38b48a70ce5b4c89b517a30fac02bbc2,/home/dominic/dev/scair/experiments/matmul_tiling_benchmark/out/env.json,/home/dominic/dev/scair/experiments/matmul_tiling_benchmark/out/16_16_2048_7_tile8_mlir_baseline.output.timings.txt
matmul_tiling_benchmark,matmul_tiling,mlir_baseline,mlir_baseline,ok,ok,1468,47,13,21,1,11,0,3,0,0,2,1,0,0,2,117,138,157,178,3,96.99,688126.375,688126.375,1579166.98,benchmark_class=structural_codegen_supporting_runtime;profile=cache_sweep;cache_sweep=yes;tile_policy=explicit_sweep;tile_size=16;mlir_tile_args=--affine-loop-tile=tile-size=16;mlir_tile_scope=upstream_affine_legal_bands;factorization=K0*K1;claim_scope=baseline_has_index_product_bound_but_no_dependent_natmul_provenance;timed_region=output_reset+kernel;tail_handling_present=yes;factorized_tile_count=0;tail_free_factorized=no,0,0,0,NA,NA,matmul_tiling,m=16;n=16;k0=2048;k1=7;k=14336;tile_size=16,mlir_baseline,NA,NA,NA,96.99,1579166.98,47931.25,15,688126.375,ok,-O2,b3d15950d589ba2f2f5ee880cf5f459595ebd061,2026-05-04T11:49:45Z,38b48a70ce5b4c89b517a30fac02bbc2,/home/dominic/dev/scair/experiments/matmul_tiling_benchmark/out/env.json,/home/dominic/dev/scair/experiments/matmul_tiling_benchmark/out/16_16_2048_7_tile16_mlir_baseline.output.timings.txt
matmul_tiling_benchmark,matmul_tiling,mlir_baseline,mlir_baseline,ok,ok,1468,47,13,21,1,11,0,3,0,0,2,1,0,0,2,117,138,157,178,3,98.83,688126.375,688126.375,1565176.57,benchmark_class=structural_codegen_supporting_runtime;profile=cache_sweep;cache_sweep=yes;tile_policy=explicit_sweep;tile_size=32;mlir_tile_args=--affine-loop-tile=tile-size=32;mlir_tile_scope=upstream_affine_legal_bands;factorization=K0*K1;claim_scope=baseline_has_index_product_bound_but_no_dependent_natmul_provenance;timed_region=output_reset+kernel;tail_handling_present=yes;factorized_tile_count=0;tail_free_factorized=no,0,0,0,NA,NA,matmul_tiling,m=16;n=16;k0=2048;k1=7;k=14336;tile_size=32,mlir_baseline,NA,NA,NA,98.83,1565176.57,10659.19,15,688126.375,ok,-O2,b3d15950d589ba2f2f5ee880cf5f459595ebd061,2026-05-04T11:49:45Z,38b48a70ce5b4c89b517a30fac02bbc2,/home/dominic/dev/scair/experiments/matmul_tiling_benchmark/out/env.json,/home/dominic/dev/scair/experiments/matmul_tiling_benchmark/out/16_16_2048_7_tile32_mlir_baseline.output.timings.txt
matmul_tiling_benchmark,matmul_tiling,mlir_baseline,mlir_baseline,ok,ok,1468,47,13,21,1,11,0,3,0,0,2,1,0,0,2,117,138,157,178,3,97.49,688126.375,688126.375,1557151.90,benchmark_class=structural_codegen_supporting_runtime;profile=cache_sweep;cache_sweep=yes;tile_policy=explicit_sweep;tile_size=64;mlir_tile_args=--affine-loop-tile=tile-size=64;mlir_tile_scope=upstream_affine_legal_bands;factorization=K0*K1;claim_scope=baseline_has_index_product_bound_but_no_dependent_natmul_provenance;timed_region=output_reset+kernel;tail_handling_present=yes;factorized_tile_count=0;tail_free_factorized=no,0,0,0,NA,NA,matmul_tiling,m=16;n=16;k0=2048;k1=7;k=14336;tile_size=64,mlir_baseline,NA,NA,NA,97.49,1557151.90,12819.42,15,688126.375,ok,-O2,b3d15950d589ba2f2f5ee880cf5f459595ebd061,2026-05-04T11:49:45Z,38b48a70ce5b4c89b517a30fac02bbc2,/home/dominic/dev/scair/experiments/matmul_tiling_benchmark/out/env.json,/home/dominic/dev/scair/experiments/matmul_tiling_benchmark/out/16_16_2048_7_tile64_mlir_baseline.output.timings.txt
matmul_tiling_benchmark,matmul_tiling,mlir_baseline,mlir_baseline,ok,ok,1468,47,13,21,1,11,0,3,0,0,2,1,0,0,2,117,138,157,178,3,96.93,688126.375,688126.375,1556749.24,benchmark_class=structural_codegen_supporting_runtime;profile=cache_sweep;cache_sweep=yes;tile_policy=explicit_sweep;tile_size=128;mlir_tile_args=--affine-loop-tile=tile-size=128;mlir_tile_scope=upstream_affine_legal_bands;factorization=K0*K1;claim_scope=baseline_has_index_product_bound_but_no_dependent_natmul_provenance;timed_region=output_reset+kernel;tail_handling_present=yes;factorized_tile_count=0;tail_free_factorized=no,0,0,0,NA,NA,matmul_tiling,m=16;n=16;k0=2048;k1=7;k=14336;tile_size=128,mlir_baseline,NA,NA,NA,96.93,1556749.24,16403.62,15,688126.375,ok,-O2,b3d15950d589ba2f2f5ee880cf5f459595ebd061,2026-05-04T11:49:45Z,38b48a70ce5b4c89b517a30fac02bbc2,/home/dominic/dev/scair/experiments/matmul_tiling_benchmark/out/env.json,/home/dominic/dev/scair/experiments/matmul_tiling_benchmark/out/16_16_2048_7_tile128_mlir_baseline.output.timings.txt
matmul_tiling_benchmark,matmul_tiling,scair_baseline,scair_baseline,ok,ok,2180,45,14,19,1,11,0,3,0,0,2,1,0,0,1,82,84,95,104,0,1748.17,688126.375,688126.375,1562310.56,benchmark_class=structural_codegen_supporting_runtime;profile=cache_sweep;cache_sweep=yes;tile_policy=none;tile_size=untiled;mlir_tile_args=NA;mlir_tile_scope=NA;factorization=K0*K1;claim_scope=scair_dynamic_memref_baseline;timed_region=output_reset+kernel;tail_handling_present=no;factorized_tile_count=0;tail_free_factorized=no,0,0,0,NA,NA,matmul_tiling,m=16;n=16;k0=2048;k1=7;k=14336;tile_size=untiled,scair_baseline,NA,NA,NA,1748.17,1562310.56,71865.96,15,688126.375,ok,-O2,b3d15950d589ba2f2f5ee880cf5f459595ebd061,2026-05-04T11:49:45Z,38b48a70ce5b4c89b517a30fac02bbc2,/home/dominic/dev/scair/experiments/matmul_tiling_benchmark/out/env.json,/home/dominic/dev/scair/experiments/matmul_tiling_benchmark/out/16_16_2048_7_scair_baseline.output.timings.txt
matmul_tiling_benchmark,matmul_tiling,value_dependent,value_dependent,ok,ok,2380,53,16,24,1,11,0,3,0,0,0,0,2,1,1,42,44,58,78,0,1412.88,688126.375,688126.375,1556767.92,benchmark_class=structural_codegen_supporting_runtime;profile=cache_sweep;cache_sweep=yes;tile_policy=factorization_aware;tile_size=dependent_factorized;mlir_tile_args=NA;mlir_tile_scope=NA;factorization=K0*K1;claim_scope=dependent_natmul_guides_tail_free_reduction_tiling_in_tested_case;timed_region=output_reset+kernel;tail_handling_present=no;factorized_tile_count=2;tail_free_factorized=yes,0,0,0,NA,NA,matmul_tiling,m=16;n=16;k0=2048;k1=7;k=14336;tile_size=dependent_factorized,value_dependent,NA,NA,NA,1412.88,1556767.92,11865.90,15,688126.375,ok,-O2,b3d15950d589ba2f2f5ee880cf5f459595ebd061,2026-05-04T11:49:45Z,38b48a70ce5b4c89b517a30fac02bbc2,/home/dominic/dev/scair/experiments/matmul_tiling_benchmark/out/env.json,/home/dominic/dev/scair/experiments/matmul_tiling_benchmark/out/16_16_2048_7_value_dependent.output.timings.txt
matmul_tiling_benchmark,matmul_tiling,mlir_baseline,mlir_baseline,ok,ok,1468,47,13,21,1,11,0,3,0,0,2,1,0,0,2,117,138,157,178,3,97.33,786426.312,786426.312,1756530.93,benchmark_class=structural_codegen_supporting_runtime;profile=cache_sweep;cache_sweep=yes;tile_policy=explicit_sweep;tile_size=8;mlir_tile_args=--affine-loop-tile=tile-size=8;mlir_tile_scope=upstream_affine_legal_bands;factorization=K0*K1;claim_scope=baseline_has_index_product_bound_but_no_dependent_natmul_provenance;timed_region=output_reset+kernel;tail_handling_present=yes;factorized_tile_count=0;tail_free_factorized=no,0,0,0,NA,NA,matmul_tiling,m=16;n=16;k0=1024;k1=16;k=16384;tile_size=8,mlir_baseline,NA,NA,NA,97.33,1756530.93,8525.35,15,786426.312,ok,-O2,b3d15950d589ba2f2f5ee880cf5f459595ebd061,2026-05-04T11:49:45Z,38b48a70ce5b4c89b517a30fac02bbc2,/home/dominic/dev/scair/experiments/matmul_tiling_benchmark/out/env.json,/home/dominic/dev/scair/experiments/matmul_tiling_benchmark/out/16_16_1024_16_tile8_mlir_baseline.output.timings.txt
matmul_tiling_benchmark,matmul_tiling,mlir_baseline,mlir_baseline,ok,ok,1468,47,13,21,1,11,0,3,0,0,2,1,0,0,2,117,138,157,178,3,95.53,786426.312,786426.312,1781279.33,benchmark_class=structural_codegen_supporting_runtime;profile=cache_sweep;cache_sweep=yes;tile_policy=explicit_sweep;tile_size=16;mlir_tile_args=--affine-loop-tile=tile-size=16;mlir_tile_scope=upstream_affine_legal_bands;factorization=K0*K1;claim_scope=baseline_has_index_product_bound_but_no_dependent_natmul_provenance;timed_region=output_reset+kernel;tail_handling_present=yes;factorized_tile_count=0;tail_free_factorized=no,0,0,0,NA,NA,matmul_tiling,m=16;n=16;k0=1024;k1=16;k=16384;tile_size=16,mlir_baseline,NA,NA,NA,95.53,1781279.33,32788.49,15,786426.312,ok,-O2,b3d15950d589ba2f2f5ee880cf5f459595ebd061,2026-05-04T11:49:45Z,38b48a70ce5b4c89b517a30fac02bbc2,/home/dominic/dev/scair/experiments/matmul_tiling_benchmark/out/env.json,/home/dominic/dev/scair/experiments/matmul_tiling_benchmark/out/16_16_1024_16_tile16_mlir_baseline.output.timings.txt
matmul_tiling_benchmark,matmul_tiling,mlir_baseline,mlir_baseline,ok,ok,1468,47,13,21,1,11,0,3,0,0,2,1,0,0,2,117,138,157,178,3,97.59,786426.312,786426.312,1762728.59,benchmark_class=structural_codegen_supporting_runtime;profile=cache_sweep;cache_sweep=yes;tile_policy=explicit_sweep;tile_size=32;mlir_tile_args=--affine-loop-tile=tile-size=32;mlir_tile_scope=upstream_affine_legal_bands;factorization=K0*K1;claim_scope=baseline_has_index_product_bound_but_no_dependent_natmul_provenance;timed_region=output_reset+kernel;tail_handling_present=yes;factorized_tile_count=0;tail_free_factorized=no,0,0,0,NA,NA,matmul_tiling,m=16;n=16;k0=1024;k1=16;k=16384;tile_size=32,mlir_baseline,NA,NA,NA,97.59,1762728.59,7968.40,15,786426.312,ok,-O2,b3d15950d589ba2f2f5ee880cf5f459595ebd061,2026-05-04T11:49:45Z,38b48a70ce5b4c89b517a30fac02bbc2,/home/dominic/dev/scair/experiments/matmul_tiling_benchmark/out/env.json,/home/dominic/dev/scair/experiments/matmul_tiling_benchmark/out/16_16_1024_16_tile32_mlir_baseline.output.timings.txt
matmul_tiling_benchmark,matmul_tiling,mlir_baseline,mlir_baseline,ok,ok,1468,47,13,21,1,11,0,3,0,0,2,1,0,0,2,117,138,157,178,3,109.33,786426.312,786426.312,1780345.55,benchmark_class=structural_codegen_supporting_runtime;profile=cache_sweep;cache_sweep=yes;tile_policy=explicit_sweep;tile_size=64;mlir_tile_args=--affine-loop-tile=tile-size=64;mlir_tile_scope=upstream_affine_legal_bands;factorization=K0*K1;claim_scope=baseline_has_index_product_bound_but_no_dependent_natmul_provenance;timed_region=output_reset+kernel;tail_handling_present=yes;factorized_tile_count=0;tail_free_factorized=no,0,0,0,NA,NA,matmul_tiling,m=16;n=16;k0=1024;k1=16;k=16384;tile_size=64,mlir_baseline,NA,NA,NA,109.33,1780345.55,12235.72,15,786426.312,ok,-O2,b3d15950d589ba2f2f5ee880cf5f459595ebd061,2026-05-04T11:49:45Z,38b48a70ce5b4c89b517a30fac02bbc2,/home/dominic/dev/scair/experiments/matmul_tiling_benchmark/out/env.json,/home/dominic/dev/scair/experiments/matmul_tiling_benchmark/out/16_16_1024_16_tile64_mlir_baseline.output.timings.txt
matmul_tiling_benchmark,matmul_tiling,mlir_baseline,mlir_baseline,ok,ok,1468,47,13,21,1,11,0,3,0,0,2,1,0,0,2,117,138,157,178,3,95.68,786426.312,786426.312,1786736.91,benchmark_class=structural_codegen_supporting_runtime;profile=cache_sweep;cache_sweep=yes;tile_policy=explicit_sweep;tile_size=128;mlir_tile_args=--affine-loop-tile=tile-size=128;mlir_tile_scope=upstream_affine_legal_bands;factorization=K0*K1;claim_scope=baseline_has_index_product_bound_but_no_dependent_natmul_provenance;timed_region=output_reset+kernel;tail_handling_present=yes;factorized_tile_count=0;tail_free_factorized=no,0,0,0,NA,NA,matmul_tiling,m=16;n=16;k0=1024;k1=16;k=16384;tile_size=128,mlir_baseline,NA,NA,NA,95.68,1786736.91,73027.22,15,786426.312,ok,-O2,b3d15950d589ba2f2f5ee880cf5f459595ebd061,2026-05-04T11:49:45Z,38b48a70ce5b4c89b517a30fac02bbc2,/home/dominic/dev/scair/experiments/matmul_tiling_benchmark/out/env.json,/home/dominic/dev/scair/experiments/matmul_tiling_benchmark/out/16_16_1024_16_tile128_mlir_baseline.output.timings.txt
matmul_tiling_benchmark,matmul_tiling,scair_baseline,scair_baseline,ok,ok,2180,45,14,19,1,11,0,3,0,0,2,1,0,0,1,82,84,95,104,0,1353.52,786426.312,786426.312,1775988.55,benchmark_class=structural_codegen_supporting_runtime;profile=cache_sweep;cache_sweep=yes;tile_policy=none;tile_size=untiled;mlir_tile_args=NA;mlir_tile_scope=NA;factorization=K0*K1;claim_scope=scair_dynamic_memref_baseline;timed_region=output_reset+kernel;tail_handling_present=no;factorized_tile_count=0;tail_free_factorized=no,0,0,0,NA,NA,matmul_tiling,m=16;n=16;k0=1024;k1=16;k=16384;tile_size=untiled,scair_baseline,NA,NA,NA,1353.52,1775988.55,14063.90,15,786426.312,ok,-O2,b3d15950d589ba2f2f5ee880cf5f459595ebd061,2026-05-04T11:49:45Z,38b48a70ce5b4c89b517a30fac02bbc2,/home/dominic/dev/scair/experiments/matmul_tiling_benchmark/out/env.json,/home/dominic/dev/scair/experiments/matmul_tiling_benchmark/out/16_16_1024_16_scair_baseline.output.timings.txt
matmul_tiling_benchmark,matmul_tiling,value_dependent,value_dependent,ok,ok,2380,53,16,24,1,11,0,3,0,0,0,0,2,1,1,42,44,58,78,0,1433.83,786426.312,786426.312,1844954.17,benchmark_class=structural_codegen_supporting_runtime;profile=cache_sweep;cache_sweep=yes;tile_policy=factorization_aware;tile_size=dependent_factorized;mlir_tile_args=NA;mlir_tile_scope=NA;factorization=K0*K1;claim_scope=dependent_natmul_guides_tail_free_reduction_tiling_in_tested_case;timed_region=output_reset+kernel;tail_handling_present=no;factorized_tile_count=2;tail_free_factorized=yes,0,0,0,NA,NA,matmul_tiling,m=16;n=16;k0=1024;k1=16;k=16384;tile_size=dependent_factorized,value_dependent,NA,NA,NA,1433.83,1844954.17,183618.39,15,786426.312,ok,-O2,b3d15950d589ba2f2f5ee880cf5f459595ebd061,2026-05-04T11:49:45Z,38b48a70ce5b4c89b517a30fac02bbc2,/home/dominic/dev/scair/experiments/matmul_tiling_benchmark/out/env.json,/home/dominic/dev/scair/experiments/matmul_tiling_benchmark/out/16_16_1024_16_value_dependent.output.timings.txt
matmul_tiling_benchmark,matmul_tiling,mlir_baseline,mlir_baseline,ok,ok,1468,47,13,21,1,11,0,3,0,0,2,1,0,0,2,117,138,157,178,3,97.22,786425.438,786425.438,1761430.74,benchmark_class=structural_codegen_supporting_runtime;profile=cache_sweep;cache_sweep=yes;tile_policy=explicit_sweep;tile_size=8;mlir_tile_args=--affine-loop-tile=tile-size=8;mlir_tile_scope=upstream_affine_legal_bands;factorization=K0*K1;claim_scope=baseline_has_index_product_bound_but_no_dependent_natmul_provenance;timed_region=output_reset+kernel;tail_handling_present=yes;factorized_tile_count=0;tail_free_factorized=no,0,0,0,NA,NA,matmul_tiling,m=32;n=16;k0=1024;k1=8;k=8192;tile_size=8,mlir_baseline,NA,NA,NA,97.22,1761430.74,10112.58,15,786425.438,ok,-O2,b3d15950d589ba2f2f5ee880cf5f459595ebd061,2026-05-04T11:49:45Z,38b48a70ce5b4c89b517a30fac02bbc2,/home/dominic/dev/scair/experiments/matmul_tiling_benchmark/out/env.json,/home/dominic/dev/scair/experiments/matmul_tiling_benchmark/out/32_16_1024_8_tile8_mlir_baseline.output.timings.txt
matmul_tiling_benchmark,matmul_tiling,mlir_baseline,mlir_baseline,ok,ok,1468,47,13,21,1,11,0,3,0,0,2,1,0,0,2,117,138,157,178,3,97.60,786425.438,786425.438,1775456.39,benchmark_class=structural_codegen_supporting_runtime;profile=cache_sweep;cache_sweep=yes;tile_policy=explicit_sweep;tile_size=16;mlir_tile_args=--affine-loop-tile=tile-size=16;mlir_tile_scope=upstream_affine_legal_bands;factorization=K0*K1;claim_scope=baseline_has_index_product_bound_but_no_dependent_natmul_provenance;timed_region=output_reset+kernel;tail_handling_present=yes;factorized_tile_count=0;tail_free_factorized=no,0,0,0,NA,NA,matmul_tiling,m=32;n=16;k0=1024;k1=8;k=8192;tile_size=16,mlir_baseline,NA,NA,NA,97.60,1775456.39,76176.49,15,786425.438,ok,-O2,b3d15950d589ba2f2f5ee880cf5f459595ebd061,2026-05-04T11:49:45Z,38b48a70ce5b4c89b517a30fac02bbc2,/home/dominic/dev/scair/experiments/matmul_tiling_benchmark/out/env.json,/home/dominic/dev/scair/experiments/matmul_tiling_benchmark/out/32_16_1024_8_tile16_mlir_baseline.output.timings.txt
matmul_tiling_benchmark,matmul_tiling,mlir_baseline,mlir_baseline,ok,ok,1468,47,13,21,1,11,0,3,0,0,2,1,0,0,2,117,138,157,178,3,103.58,786425.438,786425.438,1772887.31,benchmark_class=structural_codegen_supporting_runtime;profile=cache_sweep;cache_sweep=yes;tile_policy=explicit_sweep;tile_size=32;mlir_tile_args=--affine-loop-tile=tile-size=32;mlir_tile_scope=upstream_affine_legal_bands;factorization=K0*K1;claim_scope=baseline_has_index_product_bound_but_no_dependent_natmul_provenance;timed_region=output_reset+kernel;tail_handling_present=yes;factorized_tile_count=0;tail_free_factorized=no,0,0,0,NA,NA,matmul_tiling,m=32;n=16;k0=1024;k1=8;k=8192;tile_size=32,mlir_baseline,NA,NA,NA,103.58,1772887.31,13697.24,15,786425.438,ok,-O2,b3d15950d589ba2f2f5ee880cf5f459595ebd061,2026-05-04T11:49:45Z,38b48a70ce5b4c89b517a30fac02bbc2,/home/dominic/dev/scair/experiments/matmul_tiling_benchmark/out/env.json,/home/dominic/dev/scair/experiments/matmul_tiling_benchmark/out/32_16_1024_8_tile32_mlir_baseline.output.timings.txt
matmul_tiling_benchmark,matmul_tiling,mlir_baseline,mlir_baseline,ok,ok,1468,47,13,21,1,11,0,3,0,0,2,1,0,0,2,117,138,157,178,3,129.99,786425.438,786425.438,1788327.43,benchmark_class=structural_codegen_supporting_runtime;profile=cache_sweep;cache_sweep=yes;tile_policy=explicit_sweep;tile_size=64;mlir_tile_args=--affine-loop-tile=tile-size=64;mlir_tile_scope=upstream_affine_legal_bands;factorization=K0*K1;claim_scope=baseline_has_index_product_bound_but_no_dependent_natmul_provenance;timed_region=output_reset+kernel;tail_handling_present=yes;factorized_tile_count=0;tail_free_factorized=no,0,0,0,NA,NA,matmul_tiling,m=32;n=16;k0=1024;k1=8;k=8192;tile_size=64,mlir_baseline,NA,NA,NA,129.99,1788327.43,13907.50,15,786425.438,ok,-O2,b3d15950d589ba2f2f5ee880cf5f459595ebd061,2026-05-04T11:49:45Z,38b48a70ce5b4c89b517a30fac02bbc2,/home/dominic/dev/scair/experiments/matmul_tiling_benchmark/out/env.json,/home/dominic/dev/scair/experiments/matmul_tiling_benchmark/out/32_16_1024_8_tile64_mlir_baseline.output.timings.txt
matmul_tiling_benchmark,matmul_tiling,mlir_baseline,mlir_baseline,ok,ok,1468,47,13,21,1,11,0,3,0,0,2,1,0,0,2,117,138,157,178,3,96.01,786425.438,786425.438,1762033.15,benchmark_class=structural_codegen_supporting_runtime;profile=cache_sweep;cache_sweep=yes;tile_policy=explicit_sweep;tile_size=128;mlir_tile_args=--affine-loop-tile=tile-size=128;mlir_tile_scope=upstream_affine_legal_bands;factorization=K0*K1;claim_scope=baseline_has_index_product_bound_but_no_dependent_natmul_provenance;timed_region=output_reset+kernel;tail_handling_present=yes;factorized_tile_count=0;tail_free_factorized=no,0,0,0,NA,NA,matmul_tiling,m=32;n=16;k0=1024;k1=8;k=8192;tile_size=128,mlir_baseline,NA,NA,NA,96.01,1762033.15,10195.72,15,786425.438,ok,-O2,b3d15950d589ba2f2f5ee880cf5f459595ebd061,2026-05-04T11:49:45Z,38b48a70ce5b4c89b517a30fac02bbc2,/home/dominic/dev/scair/experiments/matmul_tiling_benchmark/out/env.json,/home/dominic/dev/scair/experiments/matmul_tiling_benchmark/out/32_16_1024_8_tile128_mlir_baseline.output.timings.txt
matmul_tiling_benchmark,matmul_tiling,scair_baseline,scair_baseline,ok,ok,2180,45,14,19,1,11,0,3,0,0,2,1,0,0,1,82,84,95,104,0,1380.49,786425.438,786425.438,1821071.73,benchmark_class=structural_codegen_supporting_runtime;profile=cache_sweep;cache_sweep=yes;tile_policy=none;tile_size=untiled;mlir_tile_args=NA;mlir_tile_scope=NA;factorization=K0*K1;claim_scope=scair_dynamic_memref_baseline;timed_region=output_reset+kernel;tail_handling_present=no;factorized_tile_count=0;tail_free_factorized=no,0,0,0,NA,NA,matmul_tiling,m=32;n=16;k0=1024;k1=8;k=8192;tile_size=untiled,scair_baseline,NA,NA,NA,1380.49,1821071.73,19063.09,15,786425.438,ok,-O2,b3d15950d589ba2f2f5ee880cf5f459595ebd061,2026-05-04T11:49:45Z,38b48a70ce5b4c89b517a30fac02bbc2,/home/dominic/dev/scair/experiments/matmul_tiling_benchmark/out/env.json,/home/dominic/dev/scair/experiments/matmul_tiling_benchmark/out/32_16_1024_8_scair_baseline.output.timings.txt
matmul_tiling_benchmark,matmul_tiling,value_dependent,value_dependent,ok,ok,2380,53,16,24,1,11,0,3,0,0,0,0,2,1,1,42,44,58,78,0,1547.60,786425.438,786425.438,1835787.48,benchmark_class=structural_codegen_supporting_runtime;profile=cache_sweep;cache_sweep=yes;tile_policy=factorization_aware;tile_size=dependent_factorized;mlir_tile_args=NA;mlir_tile_scope=NA;factorization=K0*K1;claim_scope=dependent_natmul_guides_tail_free_reduction_tiling_in_tested_case;timed_region=output_reset+kernel;tail_handling_present=no;factorized_tile_count=2;tail_free_factorized=yes,0,0,0,NA,NA,matmul_tiling,m=32;n=16;k0=1024;k1=8;k=8192;tile_size=dependent_factorized,value_dependent,NA,NA,NA,1547.60,1835787.48,58440.48,15,786425.438,ok,-O2,b3d15950d589ba2f2f5ee880cf5f459595ebd061,2026-05-04T11:49:45Z,38b48a70ce5b4c89b517a30fac02bbc2,/home/dominic/dev/scair/experiments/matmul_tiling_benchmark/out/env.json,/home/dominic/dev/scair/experiments/matmul_tiling_benchmark/out/32_16_1024_8_value_dependent.output.timings.txt
broadcast_affine_2d_benchmark,broadcast_affine_2d,mlir_baseline,mlir_baseline,ok,ok,897,28,12,19,1,8,0,0,0,0,3,1,0,0,2,72,84,94,106,2,94.32,368575,368575,7346.38,profile=default;benchmark_class=supporting_microbenchmark;operation=broadcast_affine_2d;claim_scope=baseline_conservative_dynamic_tile_bound_with_min_tail_control;timed_region=kernel_only_repeated;tail_handling_present=yes;rectangular_factorized=no;dependent_rectangular_factorized=no,0,0,0,NA,NA,broadcast_affine_2d,k0=4096;k1=3;k=12288,mlir_baseline,NA,NA,NA,94.32,7346.38,138.93,15,368575,ok,-O2,b3d15950d589ba2f2f5ee880cf5f459595ebd061,2026-05-04T12:32:47Z,38b48a70ce5b4c89b517a30fac02bbc2,/home/dominic/dev/scair/experiments/broadcast_affine_2d_benchmark/out/env.json,/home/dominic/dev/scair/experiments/broadcast_affine_2d_benchmark/out/4096_3_mlir_baseline.output.timings.txt
broadcast_affine_2d_benchmark,broadcast_affine_2d,scair_baseline,scair_baseline,ok,ok,2152,46,14,18,1,8,0,4,0,0,3,1,0,0,1,84,86,94,99,0,1438.41,368575,368575,5819.93,profile=default;benchmark_class=supporting_microbenchmark;operation=broadcast_affine_2d;claim_scope=scair_dynamic_memref_baseline;timed_region=kernel_only_repeated;tail_handling_present=no;rectangular_factorized=no;dependent_rectangular_factorized=no,0,0,0,NA,NA,broadcast_affine_2d,k0=4096;k1=3;k=12288,scair_baseline,NA,NA,NA,1438.41,5819.93,119.24,15,368575,ok,-O2,b3d15950d589ba2f2f5ee880cf5f459595ebd061,2026-05-04T12:32:47Z,38b48a70ce5b4c89b517a30fac02bbc2,/home/dominic/dev/scair/experiments/broadcast_affine_2d_benchmark/out/env.json,/home/dominic/dev/scair/experiments/broadcast_affine_2d_benchmark/out/4096_3_scair_baseline.output.timings.txt
broadcast_affine_2d_benchmark,broadcast_affine_2d,value_dependent,value_dependent,ok,ok,2261,50,17,24,1,8,0,4,0,0,0,0,3,1,1,26,28,36,47,0,1363.95,368575,368575,6176.09,profile=default;benchmark_class=supporting_microbenchmark;operation=broadcast_affine_2d;claim_scope=dependent_natmul_provenance_and_rectangular_k0_k1_loop_structure;timed_region=kernel_only_repeated;tail_handling_present=no;rectangular_factorized=yes;dependent_rectangular_factorized=yes,0,0,0,NA,NA,broadcast_affine_2d,k0=4096;k1=3;k=12288,value_dependent,NA,NA,NA,1363.95,6176.09,101.52,15,368575,ok,-O2,b3d15950d589ba2f2f5ee880cf5f459595ebd061,2026-05-04T12:32:47Z,38b48a70ce5b4c89b517a30fac02bbc2,/home/dominic/dev/scair/experiments/broadcast_affine_2d_benchmark/out/env.json,/home/dominic/dev/scair/experiments/broadcast_affine_2d_benchmark/out/4096_3_value_dependent.output.timings.txt
broadcast_affine_2d_benchmark,broadcast_affine_2d,mlir_baseline,mlir_baseline,ok,ok,897,28,12,19,1,8,0,0,0,0,3,1,0,0,2,72,84,94,106,2,98.54,814974,814974,13233.34,profile=default;benchmark_class=supporting_microbenchmark;operation=broadcast_affine_2d;claim_scope=baseline_conservative_dynamic_tile_bound_with_min_tail_control;timed_region=kernel_only_repeated;tail_handling_present=yes;rectangular_factorized=no;dependent_rectangular_factorized=no,0,0,0,NA,NA,broadcast_affine_2d,k0=4096;k1=5;k=20480,mlir_baseline,NA,NA,NA,98.54,13233.34,198.04,15,814974,ok,-O2,b3d15950d589ba2f2f5ee880cf5f459595ebd061,2026-05-04T12:32:47Z,38b48a70ce5b4c89b517a30fac02bbc2,/home/dominic/dev/scair/experiments/broadcast_affine_2d_benchmark/out/env.json,/home/dominic/dev/scair/experiments/broadcast_affine_2d_benchmark/out/4096_5_mlir_baseline.output.timings.txt
broadcast_affine_2d_benchmark,broadcast_affine_2d,scair_baseline,scair_baseline,ok,ok,2152,46,14,18,1,8,0,4,0,0,3,1,0,0,1,84,86,94,99,0,1400.90,814974,814974,11839.25,profile=default;benchmark_class=supporting_microbenchmark;operation=broadcast_affine_2d;claim_scope=scair_dynamic_memref_baseline;timed_region=kernel_only_repeated;tail_handling_present=no;rectangular_factorized=no;dependent_rectangular_factorized=no,0,0,0,NA,NA,broadcast_affine_2d,k0=4096;k1=5;k=20480,scair_baseline,NA,NA,NA,1400.90,11839.25,230.76,15,814974,ok,-O2,b3d15950d589ba2f2f5ee880cf5f459595ebd061,2026-05-04T12:32:47Z,38b48a70ce5b4c89b517a30fac02bbc2,/home/dominic/dev/scair/experiments/broadcast_affine_2d_benchmark/out/env.json,/home/dominic/dev/scair/experiments/broadcast_affine_2d_benchmark/out/4096_5_scair_baseline.output.timings.txt
broadcast_affine_2d_benchmark,broadcast_affine_2d,value_dependent,value_dependent,ok,ok,2261,50,17,24,1,8,0,4,0,0,0,0,3,1,1,26,28,36,47,0,1412.00,814974,814974,11465.96,profile=default;benchmark_class=supporting_microbenchmark;operation=broadcast_affine_2d;claim_scope=dependent_natmul_provenance_and_rectangular_k0_k1_loop_structure;timed_region=kernel_only_repeated;tail_handling_present=no;rectangular_factorized=yes;dependent_rectangular_factorized=yes,0,0,0,NA,NA,broadcast_affine_2d,k0=4096;k1=5;k=20480,value_dependent,NA,NA,NA,1412.00,11465.96,239.62,15,814974,ok,-O2,b3d15950d589ba2f2f5ee880cf5f459595ebd061,2026-05-04T12:32:47Z,38b48a70ce5b4c89b517a30fac02bbc2,/home/dominic/dev/scair/experiments/broadcast_affine_2d_benchmark/out/env.json,/home/dominic/dev/scair/experiments/broadcast_affine_2d_benchmark/out/4096_5_value_dependent.output.timings.txt
broadcast_affine_2d_benchmark,broadcast_affine_2d,mlir_baseline,mlir_baseline,ok,ok,897,28,12,19,1,8,0,0,0,0,3,1,0,0,2,72,84,94,106,2,101.15,1044352,1044352,15689.10,profile=default;benchmark_class=supporting_microbenchmark;operation=broadcast_affine_2d;claim_scope=baseline_conservative_dynamic_tile_bound_with_min_tail_control;timed_region=kernel_only_repeated;tail_handling_present=yes;rectangular_factorized=no;dependent_rectangular_factorized=no,0,0,0,NA,NA,broadcast_affine_2d,k0=4096;k1=7;k=28672,mlir_baseline,NA,NA,NA,101.15,15689.10,220.40,15,1044352,ok,-O2,b3d15950d589ba2f2f5ee880cf5f459595ebd061,2026-05-04T12:32:47Z,38b48a70ce5b4c89b517a30fac02bbc2,/home/dominic/dev/scair/experiments/broadcast_affine_2d_benchmark/out/env.json,/home/dominic/dev/scair/experiments/broadcast_affine_2d_benchmark/out/4096_7_mlir_baseline.output.timings.txt
broadcast_affine_2d_benchmark,broadcast_affine_2d,scair_baseline,scair_baseline,ok,ok,2152,46,14,18,1,8,0,4,0,0,3,1,0,0,1,84,86,94,99,0,1385.06,1044352,1044352,13451.65,profile=default;benchmark_class=supporting_microbenchmark;operation=broadcast_affine_2d;claim_scope=scair_dynamic_memref_baseline;timed_region=kernel_only_repeated;tail_handling_present=no;rectangular_factorized=no;dependent_rectangular_factorized=no,0,0,0,NA,NA,broadcast_affine_2d,k0=4096;k1=7;k=28672,scair_baseline,NA,NA,NA,1385.06,13451.65,225.90,15,1044352,ok,-O2,b3d15950d589ba2f2f5ee880cf5f459595ebd061,2026-05-04T12:32:47Z,38b48a70ce5b4c89b517a30fac02bbc2,/home/dominic/dev/scair/experiments/broadcast_affine_2d_benchmark/out/env.json,/home/dominic/dev/scair/experiments/broadcast_affine_2d_benchmark/out/4096_7_scair_baseline.output.timings.txt
broadcast_affine_2d_benchmark,broadcast_affine_2d,value_dependent,value_dependent,ok,ok,2261,50,17,24,1,8,0,4,0,0,0,0,3,1,1,26,28,36,47,0,1330.93,1044352,1044352,14359.69,profile=default;benchmark_class=supporting_microbenchmark;operation=broadcast_affine_2d;claim_scope=dependent_natmul_provenance_and_rectangular_k0_k1_loop_structure;timed_region=kernel_only_repeated;tail_handling_present=no;rectangular_factorized=yes;dependent_rectangular_factorized=yes,0,0,0,NA,NA,broadcast_affine_2d,k0=4096;k1=7;k=28672,value_dependent,NA,NA,NA,1330.93,14359.69,134.39,15,1044352,ok,-O2,b3d15950d589ba2f2f5ee880cf5f459595ebd061,2026-05-04T12:32:47Z,38b48a70ce5b4c89b517a30fac02bbc2,/home/dominic/dev/scair/experiments/broadcast_affine_2d_benchmark/out/env.json,/home/dominic/dev/scair/experiments/broadcast_affine_2d_benchmark/out/4096_7_value_dependent.output.timings.txt
broadcast_affine_2d_benchmark,broadcast_affine_2d,mlir_baseline,mlir_baseline,ok,ok,897,28,12,19,1,8,0,0,0,0,3,1,0,0,2,72,84,94,106,2,97.60,1232761,1232761,16410.98,profile=default;benchmark_class=supporting_microbenchmark;operation=broadcast_affine_2d;claim_scope=baseline_conservative_dynamic_tile_bound_with_min_tail_control;timed_region=kernel_only_repeated;tail_handling_present=yes;rectangular_factorized=no;dependent_rectangular_factorized=no,0,0,0,NA,NA,broadcast_affine_2d,k0=4096;k1=8;k=32768,mlir_baseline,NA,NA,NA,97.60,16410.98,267.25,15,1232761,ok,-O2,b3d15950d589ba2f2f5ee880cf5f459595ebd061,2026-05-04T12:32:47Z,38b48a70ce5b4c89b517a30fac02bbc2,/home/dominic/dev/scair/experiments/broadcast_affine_2d_benchmark/out/env.json,/home/dominic/dev/scair/experiments/broadcast_affine_2d_benchmark/out/4096_8_mlir_baseline.output.timings.txt
broadcast_affine_2d_benchmark,broadcast_affine_2d,scair_baseline,scair_baseline,ok,ok,2152,46,14,18,1,8,0,4,0,0,3,1,0,0,1,84,86,94,99,0,1421.61,1232761,1232761,14226.30,profile=default;benchmark_class=supporting_microbenchmark;operation=broadcast_affine_2d;claim_scope=scair_dynamic_memref_baseline;timed_region=kernel_only_repeated;tail_handling_present=no;rectangular_factorized=no;dependent_rectangular_factorized=no,0,0,0,NA,NA,broadcast_affine_2d,k0=4096;k1=8;k=32768,scair_baseline,NA,NA,NA,1421.61,14226.30,133.41,15,1232761,ok,-O2,b3d15950d589ba2f2f5ee880cf5f459595ebd061,2026-05-04T12:32:47Z,38b48a70ce5b4c89b517a30fac02bbc2,/home/dominic/dev/scair/experiments/broadcast_affine_2d_benchmark/out/env.json,/home/dominic/dev/scair/experiments/broadcast_affine_2d_benchmark/out/4096_8_scair_baseline.output.timings.txt
broadcast_affine_2d_benchmark,broadcast_affine_2d,value_dependent,value_dependent,ok,ok,2261,50,17,24,1,8,0,4,0,0,0,0,3,1,1,26,28,36,47,0,1338.80,1232761,1232761,14461.21,profile=default;benchmark_class=supporting_microbenchmark;operation=broadcast_affine_2d;claim_scope=dependent_natmul_provenance_and_rectangular_k0_k1_loop_structure;timed_region=kernel_only_repeated;tail_handling_present=no;rectangular_factorized=yes;dependent_rectangular_factorized=yes,0,0,0,NA,NA,broadcast_affine_2d,k0=4096;k1=8;k=32768,value_dependent,NA,NA,NA,1338.80,14461.21,258.90,15,1232761,ok,-O2,b3d15950d589ba2f2f5ee880cf5f459595ebd061,2026-05-04T12:32:47Z,38b48a70ce5b4c89b517a30fac02bbc2,/home/dominic/dev/scair/experiments/broadcast_affine_2d_benchmark/out/env.json,/home/dominic/dev/scair/experiments/broadcast_affine_2d_benchmark/out/4096_8_value_dependent.output.timings.txt
broadcast_affine_2d_benchmark,broadcast_affine_2d,mlir_baseline,mlir_baseline,ok,ok,897,28,12,19,1,8,0,0,0,0,3,1,0,0,2,72,84,94,106,2,103.00,2588626,2588626,26576.82,profile=default;benchmark_class=supporting_microbenchmark;operation=broadcast_affine_2d;claim_scope=baseline_conservative_dynamic_tile_bound_with_min_tail_control;timed_region=kernel_only_repeated;tail_handling_present=yes;rectangular_factorized=no;dependent_rectangular_factorized=no,0,0,0,NA,NA,broadcast_affine_2d,k0=4096;k1=16;k=65536,mlir_baseline,NA,NA,NA,103.00,26576.82,278.69,15,2588626,ok,-O2,b3d15950d589ba2f2f5ee880cf5f459595ebd061,2026-05-04T12:32:47Z,38b48a70ce5b4c89b517a30fac02bbc2,/home/dominic/dev/scair/experiments/broadcast_affine_2d_benchmark/out/env.json,/home/dominic/dev/scair/experiments/broadcast_affine_2d_benchmark/out/4096_16_mlir_baseline.output.timings.txt
broadcast_affine_2d_benchmark,broadcast_affine_2d,scair_baseline,scair_baseline,ok,ok,2152,46,14,18,1,8,0,4,0,0,3,1,0,0,1,84,86,94,99,0,1339.02,2588626,2588626,25956.04,profile=default;benchmark_class=supporting_microbenchmark;operation=broadcast_affine_2d;claim_scope=scair_dynamic_memref_baseline;timed_region=kernel_only_repeated;tail_handling_present=no;rectangular_factorized=no;dependent_rectangular_factorized=no,0,0,0,NA,NA,broadcast_affine_2d,k0=4096;k1=16;k=65536,scair_baseline,NA,NA,NA,1339.02,25956.04,319.00,15,2588626,ok,-O2,b3d15950d589ba2f2f5ee880cf5f459595ebd061,2026-05-04T12:32:47Z,38b48a70ce5b4c89b517a30fac02bbc2,/home/dominic/dev/scair/experiments/broadcast_affine_2d_benchmark/out/env.json,/home/dominic/dev/scair/experiments/broadcast_affine_2d_benchmark/out/4096_16_scair_baseline.output.timings.txt
broadcast_affine_2d_benchmark,broadcast_affine_2d,value_dependent,value_dependent,ok,ok,2261,50,17,24,1,8,0,4,0,0,0,0,3,1,1,26,28,36,47,0,1325.14,2588626,2588626,25605.65,profile=default;benchmark_class=supporting_microbenchmark;operation=broadcast_affine_2d;claim_scope=dependent_natmul_provenance_and_rectangular_k0_k1_loop_structure;timed_region=kernel_only_repeated;tail_handling_present=no;rectangular_factorized=yes;dependent_rectangular_factorized=yes,0,0,0,NA,NA,broadcast_affine_2d,k0=4096;k1=16;k=65536,value_dependent,NA,NA,NA,1325.14,25605.65,453.83,15,2588626,ok,-O2,b3d15950d589ba2f2f5ee880cf5f459595ebd061,2026-05-04T12:32:47Z,38b48a70ce5b4c89b517a30fac02bbc2,/home/dominic/dev/scair/experiments/broadcast_affine_2d_benchmark/out/env.json,/home/dominic/dev/scair/experiments/broadcast_affine_2d_benchmark/out/4096_16_value_dependent.output.timings.txt
broadcast_affine_2d_benchmark,broadcast_affine_2d,mlir_baseline,mlir_baseline,ok,ok,897,28,12,19,1,8,0,0,0,0,3,1,0,0,2,72,84,94,106,2,99.55,5250974,5250974,51374.06,profile=default;benchmark_class=supporting_microbenchmark;operation=broadcast_affine_2d;claim_scope=baseline_conservative_dynamic_tile_bound_with_min_tail_control;timed_region=kernel_only_repeated;tail_handling_present=yes;rectangular_factorized=no;dependent_rectangular_factorized=no,0,0,0,NA,NA,broadcast_affine_2d,k0=4096;k1=32;k=131072,mlir_baseline,NA,NA,NA,99.55,51374.06,582.65,15,5250974,ok,-O2,b3d15950d589ba2f2f5ee880cf5f459595ebd061,2026-05-04T12:32:47Z,38b48a70ce5b4c89b517a30fac02bbc2,/home/dominic/dev/scair/experiments/broadcast_affine_2d_benchmark/out/env.json,/home/dominic/dev/scair/experiments/broadcast_affine_2d_benchmark/out/4096_32_mlir_baseline.output.timings.txt
broadcast_affine_2d_benchmark,broadcast_affine_2d,scair_baseline,scair_baseline,ok,ok,2152,46,14,18,1,8,0,4,0,0,3,1,0,0,1,84,86,94,99,0,1349.83,5250974,5250974,50727.16,profile=default;benchmark_class=supporting_microbenchmark;operation=broadcast_affine_2d;claim_scope=scair_dynamic_memref_baseline;timed_region=kernel_only_repeated;tail_handling_present=no;rectangular_factorized=no;dependent_rectangular_factorized=no,0,0,0,NA,NA,broadcast_affine_2d,k0=4096;k1=32;k=131072,scair_baseline,NA,NA,NA,1349.83,50727.16,849.69,15,5250974,ok,-O2,b3d15950d589ba2f2f5ee880cf5f459595ebd061,2026-05-04T12:32:47Z,38b48a70ce5b4c89b517a30fac02bbc2,/home/dominic/dev/scair/experiments/broadcast_affine_2d_benchmark/out/env.json,/home/dominic/dev/scair/experiments/broadcast_affine_2d_benchmark/out/4096_32_scair_baseline.output.timings.txt
broadcast_affine_2d_benchmark,broadcast_affine_2d,value_dependent,value_dependent,ok,ok,2261,50,17,24,1,8,0,4,0,0,0,0,3,1,1,26,28,36,47,0,1308.60,5250974,5250974,50507.05,profile=default;benchmark_class=supporting_microbenchmark;operation=broadcast_affine_2d;claim_scope=dependent_natmul_provenance_and_rectangular_k0_k1_loop_structure;timed_region=kernel_only_repeated;tail_handling_present=no;rectangular_factorized=yes;dependent_rectangular_factorized=yes,0,0,0,NA,NA,broadcast_affine_2d,k0=4096;k1=32;k=131072,value_dependent,NA,NA,NA,1308.60,50507.05,1294.50,15,5250974,ok,-O2,b3d15950d589ba2f2f5ee880cf5f459595ebd061,2026-05-04T12:32:47Z,38b48a70ce5b4c89b517a30fac02bbc2,/home/dominic/dev/scair/experiments/broadcast_affine_2d_benchmark/out/env.json,/home/dominic/dev/scair/experiments/broadcast_affine_2d_benchmark/out/4096_32_value_dependent.output.timings.txt
broadcast_affine_2d_benchmark,broadcast_affine_2d,mlir_baseline,mlir_baseline,ok,ok,897,28,12,19,1,8,0,0,0,0,3,1,0,0,2,72,84,94,106,2,108.61,10661774,10661774,101771.15,profile=default;benchmark_class=supporting_microbenchmark;operation=broadcast_affine_2d;claim_scope=baseline_conservative_dynamic_tile_bound_with_min_tail_control;timed_region=kernel_only_repeated;tail_handling_present=yes;rectangular_factorized=no;dependent_rectangular_factorized=no,0,0,0,NA,NA,broadcast_affine_2d,k0=4096;k1=64;k=262144,mlir_baseline,NA,NA,NA,108.61,101771.15,1465.23,15,10661774,ok,-O2,b3d15950d589ba2f2f5ee880cf5f459595ebd061,2026-05-04T12:32:47Z,38b48a70ce5b4c89b517a30fac02bbc2,/home/dominic/dev/scair/experiments/broadcast_affine_2d_benchmark/out/env.json,/home/dominic/dev/scair/experiments/broadcast_affine_2d_benchmark/out/4096_64_mlir_baseline.output.timings.txt
broadcast_affine_2d_benchmark,broadcast_affine_2d,scair_baseline,scair_baseline,ok,ok,2152,46,14,18,1,8,0,4,0,0,3,1,0,0,1,84,86,94,99,0,1360.75,10661774,10661774,101245.99,profile=default;benchmark_class=supporting_microbenchmark;operation=broadcast_affine_2d;claim_scope=scair_dynamic_memref_baseline;timed_region=kernel_only_repeated;tail_handling_present=no;rectangular_factorized=no;dependent_rectangular_factorized=no,0,0,0,NA,NA,broadcast_affine_2d,k0=4096;k1=64;k=262144,scair_baseline,NA,NA,NA,1360.75,101245.99,3877.21,15,10661774,ok,-O2,b3d15950d589ba2f2f5ee880cf5f459595ebd061,2026-05-04T12:32:47Z,38b48a70ce5b4c89b517a30fac02bbc2,/home/dominic/dev/scair/experiments/broadcast_affine_2d_benchmark/out/env.json,/home/dominic/dev/scair/experiments/broadcast_affine_2d_benchmark/out/4096_64_scair_baseline.output.timings.txt
broadcast_affine_2d_benchmark,broadcast_affine_2d,value_dependent,value_dependent,ok,ok,2261,50,17,24,1,8,0,4,0,0,0,0,3,1,1,26,28,36,47,0,1535.75,10661774,10661774,101581.50,profile=default;benchmark_class=supporting_microbenchmark;operation=broadcast_affine_2d;claim_scope=dependent_natmul_provenance_and_rectangular_k0_k1_loop_structure;timed_region=kernel_only_repeated;tail_handling_present=no;rectangular_factorized=yes;dependent_rectangular_factorized=yes,0,0,0,NA,NA,broadcast_affine_2d,k0=4096;k1=64;k=262144,value_dependent,NA,NA,NA,1535.75,101581.50,2721.95,15,10661774,ok,-O2,b3d15950d589ba2f2f5ee880cf5f459595ebd061,2026-05-04T12:32:47Z,38b48a70ce5b4c89b517a30fac02bbc2,/home/dominic/dev/scair/experiments/broadcast_affine_2d_benchmark/out/env.json,/home/dominic/dev/scair/experiments/broadcast_affine_2d_benchmark/out/4096_64_value_dependent.output.timings.txt
broadcast_affine_2d_benchmark,broadcast_affine_2d,mlir_baseline,mlir_baseline,ok,ok,897,28,12,19,1,8,0,0,0,0,3,1,0,0,2,72,84,94,106,2,104.33,4931518,4931518,64514.76,profile=default;benchmark_class=supporting_microbenchmark;operation=broadcast_affine_2d;claim_scope=baseline_conservative_dynamic_tile_bound_with_min_tail_control;timed_region=kernel_only_repeated;tail_handling_present=yes;rectangular_factorized=no;dependent_rectangular_factorized=no,0,0,0,NA,NA,broadcast_affine_2d,k0=16384;k1=8;k=131072,mlir_baseline,NA,NA,NA,104.33,64514.76,1475.90,15,4931518,ok,-O2,b3d15950d589ba2f2f5ee880cf5f459595ebd061,2026-05-04T12:32:47Z,38b48a70ce5b4c89b517a30fac02bbc2,/home/dominic/dev/scair/experiments/broadcast_affine_2d_benchmark/out/env.json,/home/dominic/dev/scair/experiments/broadcast_affine_2d_benchmark/out/16384_8_mlir_baseline.output.timings.txt
broadcast_affine_2d_benchmark,broadcast_affine_2d,scair_baseline,scair_baseline,ok,ok,2152,46,14,18,1,8,0,4,0,0,3,1,0,0,1,84,86,94,99,0,1456.18,4931518,4931518,56751.46,profile=default;benchmark_class=supporting_microbenchmark;operation=broadcast_affine_2d;claim_scope=scair_dynamic_memref_baseline;timed_region=kernel_only_repeated;tail_handling_present=no;rectangular_factorized=no;dependent_rectangular_factorized=no,0,0,0,NA,NA,broadcast_affine_2d,k0=16384;k1=8;k=131072,scair_baseline,NA,NA,NA,1456.18,56751.46,514.12,15,4931518,ok,-O2,b3d15950d589ba2f2f5ee880cf5f459595ebd061,2026-05-04T12:32:47Z,38b48a70ce5b4c89b517a30fac02bbc2,/home/dominic/dev/scair/experiments/broadcast_affine_2d_benchmark/out/env.json,/home/dominic/dev/scair/experiments/broadcast_affine_2d_benchmark/out/16384_8_scair_baseline.output.timings.txt
broadcast_affine_2d_benchmark,broadcast_affine_2d,value_dependent,value_dependent,ok,ok,2261,50,17,24,1,8,0,4,0,0,0,0,3,1,1,26,28,36,47,0,1335.83,4931518,4931518,57579.29,profile=default;benchmark_class=supporting_microbenchmark;operation=broadcast_affine_2d;claim_scope=dependent_natmul_provenance_and_rectangular_k0_k1_loop_structure;timed_region=kernel_only_repeated;tail_handling_present=no;rectangular_factorized=yes;dependent_rectangular_factorized=yes,0,0,0,NA,NA,broadcast_affine_2d,k0=16384;k1=8;k=131072,value_dependent,NA,NA,NA,1335.83,57579.29,2238.75,15,4931518,ok,-O2,b3d15950d589ba2f2f5ee880cf5f459595ebd061,2026-05-04T12:32:47Z,38b48a70ce5b4c89b517a30fac02bbc2,/home/dominic/dev/scair/experiments/broadcast_affine_2d_benchmark/out/env.json,/home/dominic/dev/scair/experiments/broadcast_affine_2d_benchmark/out/16384_8_value_dependent.output.timings.txt
broadcast_affine_2d_benchmark,broadcast_affine_2d,mlir_baseline,mlir_baseline,ok,ok,897,28,12,19,1,8,0,0,0,0,3,1,0,0,2,72,84,94,106,2,107.10,10354523,10354523,107344.17,profile=default;benchmark_class=supporting_microbenchmark;operation=broadcast_affine_2d;claim_scope=baseline_conservative_dynamic_tile_bound_with_min_tail_control;timed_region=kernel_only_repeated;tail_handling_present=yes;rectangular_factorized=no;dependent_rectangular_factorized=no,0,0,0,NA,NA,broadcast_affine_2d,k0=16384;k1=16;k=262144,mlir_baseline,NA,NA,NA,107.10,107344.17,680.83,15,10354523,ok,-O2,b3d15950d589ba2f2f5ee880cf5f459595ebd061,2026-05-04T12:32:47Z,38b48a70ce5b4c89b517a30fac02bbc2,/home/dominic/dev/scair/experiments/broadcast_affine_2d_benchmark/out/env.json,/home/dominic/dev/scair/experiments/broadcast_affine_2d_benchmark/out/16384_16_mlir_baseline.output.timings.txt
broadcast_affine_2d_benchmark,broadcast_affine_2d,scair_baseline,scair_baseline,ok,ok,2152,46,14,18,1,8,0,4,0,0,3,1,0,0,1,84,86,94,99,0,1364.14,10354523,10354523,106593.51,profile=default;benchmark_class=supporting_microbenchmark;operation=broadcast_affine_2d;claim_scope=scair_dynamic_memref_baseline;timed_region=kernel_only_repeated;tail_handling_present=no;rectangular_factorized=no;dependent_rectangular_factorized=no,0,0,0,NA,NA,broadcast_affine_2d,k0=16384;k1=16;k=262144,scair_baseline,NA,NA,NA,1364.14,106593.51,1180.72,15,10354523,ok,-O2,b3d15950d589ba2f2f5ee880cf5f459595ebd061,2026-05-04T12:32:47Z,38b48a70ce5b4c89b517a30fac02bbc2,/home/dominic/dev/scair/experiments/broadcast_affine_2d_benchmark/out/env.json,/home/dominic/dev/scair/experiments/broadcast_affine_2d_benchmark/out/16384_16_scair_baseline.output.timings.txt
broadcast_affine_2d_benchmark,broadcast_affine_2d,value_dependent,value_dependent,ok,ok,2261,50,17,24,1,8,0,4,0,0,0,0,3,1,1,26,28,36,47,0,1374.71,10354523,10354523,110776.65,profile=default;benchmark_class=supporting_microbenchmark;operation=broadcast_affine_2d;claim_scope=dependent_natmul_provenance_and_rectangular_k0_k1_loop_structure;timed_region=kernel_only_repeated;tail_handling_present=no;rectangular_factorized=yes;dependent_rectangular_factorized=yes,0,0,0,NA,NA,broadcast_affine_2d,k0=16384;k1=16;k=262144,value_dependent,NA,NA,NA,1374.71,110776.65,10354.31,15,10354523,ok,-O2,b3d15950d589ba2f2f5ee880cf5f459595ebd061,2026-05-04T12:32:47Z,38b48a70ce5b4c89b517a30fac02bbc2,/home/dominic/dev/scair/experiments/broadcast_affine_2d_benchmark/out/env.json,/home/dominic/dev/scair/experiments/broadcast_affine_2d_benchmark/out/16384_16_value_dependent.output.timings.txt
broadcast_affine_2d_benchmark,broadcast_affine_2d,mlir_baseline,mlir_baseline,ok,ok,897,28,12,19,1,8,0,0,0,0,3,1,0,0,2,72,84,94,106,2,128.80,21004079,21004079,206873.24,profile=default;benchmark_class=supporting_microbenchmark;operation=broadcast_affine_2d;claim_scope=baseline_conservative_dynamic_tile_bound_with_min_tail_control;timed_region=kernel_only_repeated;tail_handling_present=yes;rectangular_factorized=no;dependent_rectangular_factorized=no,0,0,0,NA,NA,broadcast_affine_2d,k0=16384;k1=32;k=524288,mlir_baseline,NA,NA,NA,128.80,206873.24,1313.85,15,21004079,ok,-O2,b3d15950d589ba2f2f5ee880cf5f459595ebd061,2026-05-04T12:32:47Z,38b48a70ce5b4c89b517a30fac02bbc2,/home/dominic/dev/scair/experiments/broadcast_affine_2d_benchmark/out/env.json,/home/dominic/dev/scair/experiments/broadcast_affine_2d_benchmark/out/16384_32_mlir_baseline.output.timings.txt
broadcast_affine_2d_benchmark,broadcast_affine_2d,scair_baseline,scair_baseline,ok,ok,2152,46,14,18,1,8,0,4,0,0,3,1,0,0,1,84,86,94,99,0,1366.67,21004079,21004079,203837.40,profile=default;benchmark_class=supporting_microbenchmark;operation=broadcast_affine_2d;claim_scope=scair_dynamic_memref_baseline;timed_region=kernel_only_repeated;tail_handling_present=no;rectangular_factorized=no;dependent_rectangular_factorized=no,0,0,0,NA,NA,broadcast_affine_2d,k0=16384;k1=32;k=524288,scair_baseline,NA,NA,NA,1366.67,203837.40,1319.24,15,21004079,ok,-O2,b3d15950d589ba2f2f5ee880cf5f459595ebd061,2026-05-04T12:32:47Z,38b48a70ce5b4c89b517a30fac02bbc2,/home/dominic/dev/scair/experiments/broadcast_affine_2d_benchmark/out/env.json,/home/dominic/dev/scair/experiments/broadcast_affine_2d_benchmark/out/16384_32_scair_baseline.output.timings.txt
broadcast_affine_2d_benchmark,broadcast_affine_2d,value_dependent,value_dependent,ok,ok,2261,50,17,24,1,8,0,4,0,0,0,0,3,1,1,26,28,36,47,0,1340.01,21004079,21004079,202570.58,profile=default;benchmark_class=supporting_microbenchmark;operation=broadcast_affine_2d;claim_scope=dependent_natmul_provenance_and_rectangular_k0_k1_loop_structure;timed_region=kernel_only_repeated;tail_handling_present=no;rectangular_factorized=yes;dependent_rectangular_factorized=yes,0,0,0,NA,NA,broadcast_affine_2d,k0=16384;k1=32;k=524288,value_dependent,NA,NA,NA,1340.01,202570.58,1061.82,15,21004079,ok,-O2,b3d15950d589ba2f2f5ee880cf5f459595ebd061,2026-05-04T12:32:47Z,38b48a70ce5b4c89b517a30fac02bbc2,/home/dominic/dev/scair/experiments/broadcast_affine_2d_benchmark/out/env.json,/home/dominic/dev/scair/experiments/broadcast_affine_2d_benchmark/out/16384_32_value_dependent.output.timings.txt
blocked_pack_unpack_benchmark,blocked_pack,mlir_baseline,mlir_baseline,ok,ok,1753,50,24,33,1,10,0,0,0,0,1,1,0,0,2,58,76,92,114,3,113.65,17179344896,17179344896,389251.91,benchmark_class=supporting_microbenchmark;operation=blocked_pack;claim_scope=baseline_conservative_dynamic_tile_bounds_with_min_tail_control;timed_region=kernel_only_repeated;tail_handling_present=yes;rectangular_factorized=no;dependent_rectangular_factorized=no;natmul_count=0,0,0,0,NA,NA,blocked_pack,mo=64;no=64;tm=16;tn=16;m=1024;n=1024;elements=1048576,mlir_baseline,NA,NA,NA,113.65,389251.91,7519.28,15,17179344896,ok,-O2,b3d15950d589ba2f2f5ee880cf5f459595ebd061,2026-05-04T12:41:36Z,38b48a70ce5b4c89b517a30fac02bbc2,/home/dominic/dev/scair/experiments/blocked_pack_unpack_benchmark/out/env.json,/home/dominic/dev/scair/experiments/blocked_pack_unpack_benchmark/out/64_64_16_16_mlir_baseline.output.timings.txt
blocked_pack_unpack_benchmark,blocked_pack,scair_baseline,scair_baseline,ok,ok,2234,41,13,19,1,10,0,2,0,0,1,1,0,0,1,91,93,107,120,0,1364.84,17179344896,17179344896,309961.30,benchmark_class=supporting_microbenchmark;operation=blocked_pack;claim_scope=scair_dynamic_memref_baseline;timed_region=kernel_only_repeated;tail_handling_present=no;rectangular_factorized=no;dependent_rectangular_factorized=no;natmul_count=0,0,0,0,NA,NA,blocked_pack,mo=64;no=64;tm=16;tn=16;m=1024;n=1024;elements=1048576,scair_baseline,NA,NA,NA,1364.84,309961.30,6062.18,15,17179344896,ok,-O2,b3d15950d589ba2f2f5ee880cf5f459595ebd061,2026-05-04T12:41:36Z,38b48a70ce5b4c89b517a30fac02bbc2,/home/dominic/dev/scair/experiments/blocked_pack_unpack_benchmark/out/env.json,/home/dominic/dev/scair/experiments/blocked_pack_unpack_benchmark/out/64_64_16_16_scair_baseline.output.timings.txt
blocked_pack_unpack_benchmark,blocked_pack,value_dependent,value_dependent,ok,ok,2807,56,20,31,1,10,0,2,0,0,0,0,1,1,1,44,46,60,79,0,1391.00,17179344896,17179344896,356226.65,benchmark_class=supporting_microbenchmark;operation=blocked_pack;claim_scope=dependent_natmul_provenance_and_rectangular_mo_no_tm_tn_loop_structure;timed_region=kernel_only_repeated;tail_handling_present=no;rectangular_factorized=yes;dependent_rectangular_factorized=yes;natmul_count=2,0,0,0,NA,NA,blocked_pack,mo=64;no=64;tm=16;tn=16;m=1024;n=1024;elements=1048576,value_dependent,NA,NA,NA,1391.00,356226.65,47930.82,15,17179344896,ok,-O2,b3d15950d589ba2f2f5ee880cf5f459595ebd061,2026-05-04T12:41:36Z,38b48a70ce5b4c89b517a30fac02bbc2,/home/dominic/dev/scair/experiments/blocked_pack_unpack_benchmark/out/env.json,/home/dominic/dev/scair/experiments/blocked_pack_unpack_benchmark/out/64_64_16_16_value_dependent.output.timings.txt
blocked_pack_unpack_benchmark,blocked_pack,mlir_baseline,mlir_baseline,ok,ok,1753,50,24,33,1,10,0,0,0,0,1,1,0,0,2,58,76,92,114,3,112.31,17179344896,17179344896,293132.99,benchmark_class=supporting_microbenchmark;operation=blocked_pack;claim_scope=baseline_conservative_dynamic_tile_bounds_with_min_tail_control;timed_region=kernel_only_repeated;tail_handling_present=yes;rectangular_factorized=no;dependent_rectangular_factorized=no;natmul_count=0,0,0,0,NA,NA,blocked_pack,mo=128;no=32;tm=8;tn=32;m=1024;n=1024;elements=1048576,mlir_baseline,NA,NA,NA,112.31,293132.99,17402.96,15,17179344896,ok,-O2,b3d15950d589ba2f2f5ee880cf5f459595ebd061,2026-05-04T12:41:36Z,38b48a70ce5b4c89b517a30fac02bbc2,/home/dominic/dev/scair/experiments/blocked_pack_unpack_benchmark/out/env.json,/home/dominic/dev/scair/experiments/blocked_pack_unpack_benchmark/out/128_32_8_32_mlir_baseline.output.timings.txt
blocked_pack_unpack_benchmark,blocked_pack,scair_baseline,scair_baseline,ok,ok,2234,41,13,19,1,10,0,2,0,0,1,1,0,0,1,91,93,107,120,0,1378.41,17179344896,17179344896,288225.61,benchmark_class=supporting_microbenchmark;operation=blocked_pack;claim_scope=scair_dynamic_memref_baseline;timed_region=kernel_only_repeated;tail_handling_present=no;rectangular_factorized=no;dependent_rectangular_factorized=no;natmul_count=0,0,0,0,NA,NA,blocked_pack,mo=128;no=32;tm=8;tn=32;m=1024;n=1024;elements=1048576,scair_baseline,NA,NA,NA,1378.41,288225.61,4166.31,15,17179344896,ok,-O2,b3d15950d589ba2f2f5ee880cf5f459595ebd061,2026-05-04T12:41:36Z,38b48a70ce5b4c89b517a30fac02bbc2,/home/dominic/dev/scair/experiments/blocked_pack_unpack_benchmark/out/env.json,/home/dominic/dev/scair/experiments/blocked_pack_unpack_benchmark/out/128_32_8_32_scair_baseline.output.timings.txt
blocked_pack_unpack_benchmark,blocked_pack,value_dependent,value_dependent,ok,ok,2807,56,20,31,1,10,0,2,0,0,0,0,1,1,1,44,46,60,79,0,1396.92,17179344896,17179344896,284920.36,benchmark_class=supporting_microbenchmark;operation=blocked_pack;claim_scope=dependent_natmul_provenance_and_rectangular_mo_no_tm_tn_loop_structure;timed_region=kernel_only_repeated;tail_handling_present=no;rectangular_factorized=yes;dependent_rectangular_factorized=yes;natmul_count=2,0,0,0,NA,NA,blocked_pack,mo=128;no=32;tm=8;tn=32;m=1024;n=1024;elements=1048576,value_dependent,NA,NA,NA,1396.92,284920.36,4621.03,15,17179344896,ok,-O2,b3d15950d589ba2f2f5ee880cf5f459595ebd061,2026-05-04T12:41:36Z,38b48a70ce5b4c89b517a30fac02bbc2,/home/dominic/dev/scair/experiments/blocked_pack_unpack_benchmark/out/env.json,/home/dominic/dev/scair/experiments/blocked_pack_unpack_benchmark/out/128_32_8_32_value_dependent.output.timings.txt
blocked_pack_unpack_benchmark,blocked_pack,mlir_baseline,mlir_baseline,ok,ok,1753,50,24,33,1,10,0,0,0,0,1,1,0,0,2,58,76,92,114,3,103.51,34358689792,34358689792,778039.80,benchmark_class=supporting_microbenchmark;operation=blocked_pack;claim_scope=baseline_conservative_dynamic_tile_bounds_with_min_tail_control;timed_region=kernel_only_repeated;tail_handling_present=yes;rectangular_factorized=no;dependent_rectangular_factorized=no;natmul_count=0,0,0,0,NA,NA,blocked_pack,mo=128;no=64;tm=16;tn=16;m=2048;n=1024;elements=2097152,mlir_baseline,NA,NA,NA,103.51,778039.80,11460.53,15,34358689792,ok,-O2,b3d15950d589ba2f2f5ee880cf5f459595ebd061,2026-05-04T12:41:36Z,38b48a70ce5b4c89b517a30fac02bbc2,/home/dominic/dev/scair/experiments/blocked_pack_unpack_benchmark/out/env.json,/home/dominic/dev/scair/experiments/blocked_pack_unpack_benchmark/out/128_64_16_16_mlir_baseline.output.timings.txt
blocked_pack_unpack_benchmark,blocked_pack,scair_baseline,scair_baseline,ok,ok,2234,41,13,19,1,10,0,2,0,0,1,1,0,0,1,91,93,107,120,0,1354.48,34358689792,34358689792,775832.82,benchmark_class=supporting_microbenchmark;operation=blocked_pack;claim_scope=scair_dynamic_memref_baseline;timed_region=kernel_only_repeated;tail_handling_present=no;rectangular_factorized=no;dependent_rectangular_factorized=no;natmul_count=0,0,0,0,NA,NA,blocked_pack,mo=128;no=64;tm=16;tn=16;m=2048;n=1024;elements=2097152,scair_baseline,NA,NA,NA,1354.48,775832.82,7996.69,15,34358689792,ok,-O2,b3d15950d589ba2f2f5ee880cf5f459595ebd061,2026-05-04T12:41:36Z,38b48a70ce5b4c89b517a30fac02bbc2,/home/dominic/dev/scair/experiments/blocked_pack_unpack_benchmark/out/env.json,/home/dominic/dev/scair/experiments/blocked_pack_unpack_benchmark/out/128_64_16_16_scair_baseline.output.timings.txt
blocked_pack_unpack_benchmark,blocked_pack,value_dependent,value_dependent,ok,ok,2807,56,20,31,1,10,0,2,0,0,0,0,1,1,1,44,46,60,79,0,1334.95,34358689792,34358689792,773673.14,benchmark_class=supporting_microbenchmark;operation=blocked_pack;claim_scope=dependent_natmul_provenance_and_rectangular_mo_no_tm_tn_loop_structure;timed_region=kernel_only_repeated;tail_handling_present=no;rectangular_factorized=yes;dependent_rectangular_factorized=yes;natmul_count=2,0,0,0,NA,NA,blocked_pack,mo=128;no=64;tm=16;tn=16;m=2048;n=1024;elements=2097152,value_dependent,NA,NA,NA,1334.95,773673.14,18844.33,15,34358689792,ok,-O2,b3d15950d589ba2f2f5ee880cf5f459595ebd061,2026-05-04T12:41:36Z,38b48a70ce5b4c89b517a30fac02bbc2,/home/dominic/dev/scair/experiments/blocked_pack_unpack_benchmark/out/env.json,/home/dominic/dev/scair/experiments/blocked_pack_unpack_benchmark/out/128_64_16_16_value_dependent.output.timings.txt
